Date,Open,High,Low,Close,Adj Close,Volume
2013-04-30,86046.000000,86046.000000,86046.000000,86046.000000,86046.000000,0
2013-05-01,0,0,0,0,0,0
2013-05-02,88669.703125,88669.703125,88669.703125,88669.703125,88669.703125,0
2013-05-03,89093.703125,89093.703125,89093.703125,89093.703125,89093.703125,0
2013-05-06,89714.796875,89714.796875,89714.796875,89714.796875,89714.796875,0
2013-05-07,89459.500000,89459.500000,89459.500000,89459.500000,89459.500000,0
2013-05-08,90852.203125,90852.203125,90852.203125,90852.203125,90852.203125,0
2013-05-09,89931.101563,89931.101563,89931.101563,89931.101563,89931.101563,0
2013-05-10,89568.898438,89568.898438,89568.898438,89568.898438,89568.898438,0
2013-05-13,89765.203125,89765.203125,89765.203125,89765.203125,89765.203125,0
2013-05-14,91287.101563,91287.101563,91287.101563,91287.101563,91287.101563,0
2013-05-15,92112.101563,92112.101563,92112.101563,92112.101563,92112.101563,0
2013-05-16,91946.703125,91946.703125,91946.703125,91946.703125,91946.703125,0
2013-05-17,91924.796875,91924.796875,91924.796875,91924.796875,91924.796875,0
2013-05-20,90165.101563,90165.101563,90165.101563,90165.101563,90165.101563,0
2013-05-21,91190.796875,91190.796875,91190.796875,91190.796875,91190.796875,0
2013-05-22,93178.898438,93178.898438,93178.898438,93178.898438,93178.898438,0
2013-05-23,91351.398438,91351.398438,91351.398438,91351.398438,91351.398438,0
2013-05-24,91016.296875,91016.296875,91016.296875,91016.296875,91016.296875,0
2013-05-27,90546.796875,90546.796875,90546.796875,90546.796875,90546.796875,0
2013-05-28,89916.398438,89916.398438,89916.398438,89916.398438,89916.398438,0
2013-05-29,87174.500000,87174.500000,87174.500000,87174.500000,87174.500000,0
2013-05-30,87170.203125,87170.203125,87170.203125,87170.203125,87170.203125,0
2013-05-31,85990.000000,85990.000000,85990.000000,85990.000000,85990.000000,0
2013-06-03,76983.703125,76983.703125,76983.703125,76983.703125,76983.703125,0
2013-06-04,80733.203125,80733.203125,80733.203125,80733.203125,80733.203125,0
2013-06-05,79636.796875,79636.796875,79636.796875,79636.796875,79636.796875,0
2013-06-06,75895.296875,75895.296875,75895.296875,75895.296875,75895.296875,0
2013-06-07,78332.601563,78332.601563,78332.601563,78332.601563,78332.601563,0
2013-06-10,76386.203125,76386.203125,76386.203125,76386.203125,76386.203125,0
2013-06-11,75041.000000,75041.000000,75041.000000,75041.000000,75041.000000,0
2013-06-12,76880.601563,76880.601563,76880.601563,76880.601563,76880.601563,0
2013-06-13,76488.601563,76488.601563,76488.601563,76488.601563,76488.601563,0
2013-06-14,80011.101563,80011.101563,80011.101563,80011.101563,80011.101563,0
2013-06-17,78946.500000,78946.500000,78946.500000,78946.500000,78946.500000,0
2013-06-18,77739.601563,77739.601563,77739.601563,77739.601563,77739.601563,0
2013-06-19,78834.601563,78834.601563,78834.601563,78834.601563,78834.601563,0
2013-06-20,73461.898438,73461.898438,73461.898438,73461.898438,73461.898438,0
2013-06-21,73101.796875,73101.796875,73101.796875,73101.796875,73101.796875,0
2013-06-24,70640.500000,70640.500000,70640.500000,70640.500000,70640.500000,0
2013-06-25,71214.601563,71214.601563,71214.601563,71214.601563,71214.601563,0
2013-06-26,73851.500000,73851.500000,73851.500000,73851.500000,73851.500000,0
2013-06-27,75761.500000,75761.500000,75761.500000,75761.500000,75761.500000,0
2013-06-28,76294.500000,76294.500000,76294.500000,76294.500000,76294.500000,0
2013-07-01,76736.601563,76736.601563,76736.601563,76736.601563,76736.601563,0
2013-07-02,76438.796875,76438.796875,76438.796875,76438.796875,76438.796875,0
2013-07-03,73718.703125,73718.703125,73718.703125,73718.703125,73718.703125,0
2013-07-04,75409.601563,75409.601563,75409.601563,75409.601563,75409.601563,0
2013-07-05,73111.796875,73111.796875,73111.796875,73111.796875,73111.796875,0
2013-07-08,71682.296875,71682.296875,71682.296875,71682.296875,71682.296875,0
2013-07-09,71981.601563,71981.601563,71981.601563,71981.601563,71981.601563,0
2013-07-10,71074.101563,71074.101563,71074.101563,71074.101563,71074.101563,0
2013-07-11,71789.898438,71789.898438,71789.898438,71789.898438,71789.898438,0
2013-07-12,73922.000000,73922.000000,73922.000000,73922.000000,73922.000000,0
2013-07-15,76228.000000,76228.000000,76228.000000,76228.000000,76228.000000,0
2013-07-16,75678.101563,75678.101563,75678.101563,75678.101563,75678.101563,0
2013-07-17,77072.101563,77072.101563,77072.101563,77072.101563,77072.101563,0
2013-07-18,77022.796875,77022.796875,77022.796875,77022.796875,77022.796875,0
2013-07-19,75874.000000,75874.000000,75874.000000,75874.000000,75874.000000,0
2013-07-22,75816.000000,75816.000000,75816.000000,75816.000000,75816.000000,0
2013-07-23,75368.101563,75368.101563,75368.101563,75368.101563,75368.101563,0
2013-07-24,74015.203125,74015.203125,74015.203125,74015.203125,74015.203125,0
2013-07-25,73849.703125,73849.703125,73849.703125,73849.703125,73849.703125,0
2013-07-26,72555.000000,72555.000000,72555.000000,72555.000000,72555.000000,0
2013-07-29,72938.898438,72938.898438,72938.898438,72938.898438,72938.898438,0
2013-07-30,74420.796875,74420.796875,74420.796875,74420.796875,74420.796875,0
2013-07-31,73377.500000,73377.500000,73377.500000,73377.500000,73377.500000,0
2013-08-01,73401.796875,73401.796875,73401.796875,73401.796875,73401.796875,0
2013-08-02,74032.796875,74032.796875,74032.796875,74032.796875,74032.796875,0
2013-08-05,74290.101563,74290.101563,74290.101563,74290.101563,74290.101563,0
2013-08-06,74031.601563,74031.601563,74031.601563,74031.601563,74031.601563,0
2013-08-07,73544.796875,73544.796875,73544.796875,73544.796875,73544.796875,0
2013-08-08,0,0,0,0,0,0
2013-08-09,0,0,0,0,0,0
2013-08-12,75374.500000,75374.500000,75374.500000,75374.500000,75374.500000,0
2013-08-13,75514.203125,75514.203125,75514.203125,75514.203125,75514.203125,0
2013-08-14,75585.898438,75585.898438,75585.898438,75585.898438,75585.898438,0
2013-08-15,73978.203125,73978.203125,73978.203125,73978.203125,73978.203125,0
2013-08-16,74275.398438,74275.398438,74275.398438,74275.398438,74275.398438,0
2013-08-19,72382.703125,72382.703125,72382.703125,72382.703125,72382.703125,0
2013-08-20,72204.203125,72204.203125,72204.203125,72204.203125,72204.203125,0
2013-08-21,69709.500000,69709.500000,69709.500000,69709.500000,69709.500000,0
2013-08-22,68300.000000,68300.000000,68300.000000,68300.000000,68300.000000,0
2013-08-23,67932.296875,67932.296875,67932.296875,67932.296875,67932.296875,0
2013-08-26,68775.000000,68775.000000,68775.000000,68775.000000,68775.000000,0
2013-08-27,65519.898438,65519.898438,65519.898438,65519.898438,65519.898438,0
2013-08-28,65452.398438,65452.398438,65452.398438,65452.398438,65452.398438,0
2013-08-29,66394.398438,66394.398438,66394.398438,66394.398438,66394.398438,0
2013-08-30,0,0,0,0,0,0
2013-09-02,68545.398438,68545.398438,68545.398438,68545.398438,68545.398438,0
2013-09-03,66973.101563,66973.101563,66973.101563,66973.101563,66973.101563,0
2013-09-04,66965.796875,66965.796875,66965.796875,66965.796875,66965.796875,0
2013-09-05,66715.101563,66715.101563,66715.101563,66715.101563,66715.101563,0
2013-09-06,67232.398438,67232.398438,67232.398438,67232.398438,67232.398438,0
2013-09-09,69689.203125,69689.203125,69689.203125,69689.203125,69689.203125,0
2013-09-10,71788.000000,71788.000000,71788.000000,71788.000000,71788.000000,0
2013-09-11,71771.601563,71771.601563,71771.601563,71771.601563,71771.601563,0
2013-09-12,72722.296875,72722.296875,72722.296875,72722.296875,72722.296875,0
2013-09-13,71635.000000,71635.000000,71635.000000,71635.000000,71635.000000,0
2013-09-16,74258.500000,74258.500000,74258.500000,74258.500000,74258.500000,0
2013-09-17,74783.398438,74783.398438,74783.398438,74783.398438,74783.398438,0
2013-09-18,74660.500000,74660.500000,74660.500000,74660.500000,74660.500000,0
2013-09-19,79466.000000,79466.000000,79466.000000,79466.000000,79466.000000,0
2013-09-20,77862.898438,77862.898438,77862.898438,77862.898438,77862.898438,0
2013-09-23,76807.898438,76807.898438,76807.898438,76807.898438,76807.898438,0
2013-09-24,76529.703125,76529.703125,76529.703125,76529.703125,76529.703125,0
2013-09-25,76234.296875,76234.296875,76234.296875,76234.296875,76234.296875,0
2013-09-26,75618.203125,75618.203125,75618.203125,75618.203125,75618.203125,0
2013-09-27,74772.296875,74772.296875,74772.296875,74772.296875,74772.296875,0
2013-09-30,74486.601563,74486.601563,74486.601563,74486.601563,74486.601563,0
2013-10-01,76470.000000,76470.000000,76470.000000,76470.000000,76470.000000,0
2013-10-02,75162.796875,75162.796875,75162.796875,75162.796875,75162.796875,0
2013-10-03,76269.898438,76269.898438,76269.898438,76269.898438,76269.898438,0
2013-10-04,76207.000000,76207.000000,76207.000000,76207.000000,76207.000000,0
2013-10-07,75901.203125,75901.203125,75901.203125,75901.203125,75901.203125,0
2013-10-08,75063.898438,75063.898438,75063.898438,75063.898438,75063.898438,0
2013-10-09,74483.898438,74483.898438,74483.898438,74483.898438,74483.898438,0
2013-10-10,75639.796875,75639.796875,75639.796875,75639.796875,75639.796875,0
2013-10-11,76176.398438,76176.398438,76176.398438,76176.398438,76176.398438,0
2013-10-14,76235.000000,76235.000000,76235.000000,76235.000000,76235.000000,0
2013-10-15,0,0,0,0,0,0
2013-10-16,0,0,0,0,0,0
2013-10-17,0,0,0,0,0,0
2013-10-18,0,0,0,0,0,0
2013-10-21,78877.000000,78877.000000,78877.000000,78877.000000,78877.000000,0
2013-10-22,79272.398438,79272.398438,79272.398438,79272.398438,79272.398438,0
2013-10-23,78515.601563,78515.601563,78515.601563,78515.601563,78515.601563,0
2013-10-24,78845.796875,78845.796875,78845.796875,78845.796875,78845.796875,0
2013-10-25,79271.500000,79271.500000,79271.500000,79271.500000,79271.500000,0
2013-10-28,79565.203125,79565.203125,79565.203125,79565.203125,79565.203125,0
2013-10-29,0,0,0,0,0,0
2013-10-30,78919.398438,78919.398438,78919.398438,78919.398438,78919.398438,0
2013-10-31,77620.398438,77620.398438,77620.398438,77620.398438,77620.398438,0
2013-11-01,76501.203125,76501.203125,76501.203125,76501.203125,76501.203125,0
2013-11-04,76234.203125,76234.203125,76234.203125,76234.203125,76234.203125,0
2013-11-05,74744.203125,74744.203125,74744.203125,74744.203125,74744.203125,0
2013-11-06,75768.601563,75768.601563,75768.601563,75768.601563,75768.601563,0
2013-11-07,75811.500000,75811.500000,75811.500000,75811.500000,75811.500000,0
2013-11-08,73918.296875,73918.296875,73918.296875,73918.296875,73918.296875,0
2013-11-11,72140.000000,72140.000000,72140.000000,72140.000000,72140.000000,0
2013-11-12,71904.601563,71904.601563,71904.601563,71904.601563,71904.601563,0
2013-11-13,72327.000000,72327.000000,72327.000000,72327.000000,72327.000000,0
2013-11-14,73974.796875,73974.796875,73974.796875,73974.796875,73974.796875,0
2013-11-15,74273.203125,74273.203125,74273.203125,74273.203125,74273.203125,0
2013-11-18,75597.703125,75597.703125,75597.703125,75597.703125,75597.703125,0
2013-11-19,74617.703125,74617.703125,74617.703125,74617.703125,74617.703125,0
2013-11-20,75381.703125,75381.703125,75381.703125,75381.703125,75381.703125,0
2013-11-21,74679.203125,74679.203125,74679.203125,74679.203125,74679.203125,0
2013-11-22,75638.000000,75638.000000,75638.000000,75638.000000,75638.000000,0
2013-11-25,76531.398438,76531.398438,76531.398438,76531.398438,76531.398438,0
2013-11-26,75563.203125,75563.203125,75563.203125,75563.203125,75563.203125,0
2013-11-27,74896.000000,74896.000000,74896.000000,74896.000000,74896.000000,0
2013-11-28,74580.398438,74580.398438,74580.398438,74580.398438,74580.398438,0
2013-11-29,75748.296875,75748.296875,75748.296875,75748.296875,75748.296875,0
2013-12-02,74951.203125,74951.203125,74951.203125,74951.203125,74951.203125,0
2013-12-03,73087.500000,73087.500000,73087.500000,73087.500000,73087.500000,0
2013-12-04,73088.601563,73088.601563,73088.601563,73088.601563,73088.601563,0
2013-12-05,71991.898438,71991.898438,71991.898438,71991.898438,71991.898438,0
2013-12-06,73378.398438,73378.398438,73378.398438,73378.398438,73378.398438,0
2013-12-09,74232.898438,74232.898438,74232.898438,74232.898438,74232.898438,0
2013-12-10,74118.000000,74118.000000,74118.000000,74118.000000,74118.000000,0
2013-12-11,73965.796875,73965.796875,73965.796875,73965.796875,73965.796875,0
2013-12-12,73071.796875,73071.796875,73071.796875,73071.796875,73071.796875,0
2013-12-13,74065.000000,74065.000000,74065.000000,74065.000000,74065.000000,0
2013-12-16,74843.398438,74843.398438,74843.398438,74843.398438,74843.398438,0
2013-12-17,70946.101563,70946.101563,70946.101563,70946.101563,70946.101563,0
2013-12-18,71417.296875,71417.296875,71417.296875,71417.296875,71417.296875,0
2013-12-19,69100.000000,69100.000000,69100.000000,69100.000000,69100.000000,0
2013-12-20,69572.796875,69572.796875,69572.796875,69572.796875,69572.796875,0
2013-12-23,68086.101563,68086.101563,68086.101563,68086.101563,68086.101563,0
2013-12-24,68997.796875,68997.796875,68997.796875,68997.796875,68997.796875,0
2013-12-25,66096.601563,66096.601563,66096.601563,66096.601563,66096.601563,0
2013-12-26,64555.199219,64555.199219,64555.199219,64555.199219,64555.199219,0
2013-12-27,63885.199219,63885.199219,63885.199219,63885.199219,63885.199219,0
2013-12-30,67985.703125,67985.703125,67985.703125,67985.703125,67985.703125,0
2013-12-31,67801.703125,67801.703125,67801.703125,67801.703125,67801.703125,0
2014-01-01,0,0,0,0,0,0
2014-01-02,66985.796875,66985.796875,66985.796875,66985.796875,66985.796875,0
2014-01-03,65967.101563,65967.101563,65967.101563,65967.101563,65967.101563,0
2014-01-06,68022.000000,68022.000000,68022.000000,68022.000000,68022.000000,0
2014-01-07,68598.601563,68598.601563,68598.601563,68598.601563,68598.601563,0
2014-01-08,67331.703125,67331.703125,67331.703125,67331.703125,67331.703125,0
2014-01-09,66413.601563,66413.601563,66413.601563,66413.601563,66413.601563,0
2014-01-10,67912.101563,67912.101563,67912.101563,67912.101563,67912.101563,0
2014-01-13,68062.296875,68062.296875,68062.296875,68062.296875,68062.296875,0
2014-01-14,68072.500000,68072.500000,68072.500000,68072.500000,68072.500000,0
2014-01-15,68134.601563,68134.601563,68134.601563,68134.601563,68134.601563,0
2014-01-16,66843.601563,66843.601563,66843.601563,66843.601563,66843.601563,0
2014-01-17,65635.000000,65635.000000,65635.000000,65635.000000,65635.000000,0
2014-01-20,65763.601563,65763.601563,65763.601563,65763.601563,65763.601563,0
2014-01-21,66318.703125,66318.703125,66318.703125,66318.703125,66318.703125,0
2014-01-22,67367.296875,67367.296875,67367.296875,67367.296875,67367.296875,0
2014-01-23,65429.300781,65429.300781,65429.300781,65429.300781,65429.300781,0
2014-01-24,64427.500000,64427.500000,64427.500000,64427.500000,64427.500000,0
2014-01-27,64568.699219,64568.699219,64568.699219,64568.699219,64568.699219,0
2014-01-28,63543.699219,63543.699219,63543.699219,63543.699219,63543.699219,0
2014-01-29,62088.699219,62088.699219,62088.699219,62088.699219,62088.699219,0
2014-01-30,62701.398438,62701.398438,62701.398438,62701.398438,62701.398438,0
2014-01-31,61858.199219,61858.199219,61858.199219,61858.199219,61858.199219,0
2014-02-03,61675.199219,61675.199219,61675.199219,61675.199219,61675.199219,0
2014-02-04,62732.699219,62732.699219,62732.699219,62732.699219,62732.699219,0
2014-02-05,62442.398438,62442.398438,62442.398438,62442.398438,62442.398438,0
2014-02-06,64549.898438,64549.898438,64549.898438,64549.898438,64549.898438,0
2014-02-07,64614.300781,64614.300781,64614.300781,64614.300781,64614.300781,0
2014-02-10,64050.199219,64050.199219,64050.199219,64050.199219,64050.199219,0
2014-02-11,64280.699219,64280.699219,64280.699219,64280.699219,64280.699219,0
2014-02-12,64513.699219,64513.699219,64513.699219,64513.699219,64513.699219,0
2014-02-13,63764.898438,63764.898438,63764.898438,63764.898438,63764.898438,0
2014-02-14,64882.898438,64882.898438,64882.898438,64882.898438,64882.898438,0
2014-02-17,65599.203125,65599.203125,65599.203125,65599.203125,65599.203125,0
2014-02-18,64125.699219,64125.699219,64125.699219,64125.699219,64125.699219,0
2014-02-19,63382.101563,63382.101563,63382.101563,63382.101563,63382.101563,0
2014-02-20,63681.000000,63681.000000,63681.000000,63681.000000,63681.000000,0
2014-02-21,63885.601563,63885.601563,63885.601563,63885.601563,63885.601563,0
2014-02-24,64186.000000,64186.000000,64186.000000,64186.000000,64186.000000,0
2014-02-25,62123.800781,62123.800781,62123.800781,62123.800781,62123.800781,0
2014-02-26,61503.000000,61503.000000,61503.000000,61503.000000,61503.000000,0
2014-02-27,61779.199219,61779.199219,61779.199219,61779.199219,61779.199219,0
2014-02-28,62553.300781,62553.300781,62553.300781,62553.300781,62553.300781,0
2014-03-03,61189.101563,61189.101563,61189.101563,61189.101563,61189.101563,0
2014-03-04,63030.699219,63030.699219,63030.699219,63030.699219,63030.699219,0
2014-03-05,63444.699219,63444.699219,63444.699219,63444.699219,63444.699219,0
2014-03-06,64004.199219,64004.199219,64004.199219,64004.199219,64004.199219,0
2014-03-07,63096.000000,63096.000000,63096.000000,63096.000000,63096.000000,0
2014-03-10,62731.500000,62731.500000,62731.500000,62731.500000,62731.500000,0
2014-03-11,63065.601563,63065.601563,63065.601563,63065.601563,63065.601563,0
2014-03-12,63258.601563,63258.601563,63258.601563,63258.601563,63258.601563,0
2014-03-13,63345.398438,63345.398438,63345.398438,63345.398438,63345.398438,0
2014-03-14,63278.898438,63278.898438,63278.898438,63278.898438,63278.898438,0
2014-03-17,64197.800781,64197.800781,64197.800781,64197.800781,64197.800781,0
2014-03-18,65573.500000,65573.500000,65573.500000,65573.500000,65573.500000,0
2014-03-19,65487.101563,65487.101563,65487.101563,65487.101563,65487.101563,0
2014-03-20,65261.398438,65261.398438,65261.398438,65261.398438,65261.398438,0
2014-03-21,64579.398438,64579.398438,64579.398438,64579.398438,64579.398438,0
2014-03-24,63710.398438,63710.398438,63710.398438,63710.398438,63710.398438,0
2014-03-25,64696.500000,64696.500000,64696.500000,64696.500000,64696.500000,0
2014-03-26,67730.796875,67730.796875,67730.796875,67730.796875,67730.796875,0
2014-03-27,67048.398438,67048.398438,67048.398438,67048.398438,67048.398438,0
2014-03-28,69117.296875,69117.296875,69117.296875,69117.296875,69117.296875,0
2014-03-31,69736.296875,69736.296875,69736.296875,69736.296875,69736.296875,0
2014-04-01,70857.398438,70857.398438,70857.398438,70857.398438,70857.398438,0
2014-04-02,70648.000000,70648.000000,70648.000000,70648.000000,70648.000000,0
2014-04-03,71544.796875,71544.796875,71544.796875,71544.796875,71544.796875,0
2014-04-04,72582.898438,72582.898438,72582.898438,72582.898438,72582.898438,0
2014-04-07,72489.101563,72489.101563,72489.101563,72489.101563,72489.101563,0
2014-04-08,73946.500000,73946.500000,73946.500000,73946.500000,73946.500000,0
2014-04-09,72428.500000,72428.500000,72428.500000,72428.500000,72428.500000,0
2014-04-10,73150.203125,73150.203125,73150.203125,73150.203125,73150.203125,0
2014-04-11,72736.296875,72736.296875,72736.296875,72736.296875,72736.296875,0
2014-04-14,73774.898438,73774.898438,73774.898438,73774.898438,73774.898438,0
2014-04-15,72438.000000,72438.000000,72438.000000,72438.000000,72438.000000,0
2014-04-16,72399.398438,72399.398438,72399.398438,72399.398438,72399.398438,0
2014-04-17,73561.796875,73561.796875,73561.796875,73561.796875,73561.796875,0
2014-04-18,73476.000000,73476.000000,73476.000000,73476.000000,73476.000000,0
2014-04-21,73446.703125,73446.703125,73446.703125,73446.703125,73446.703125,0
2014-04-22,73170.000000,73170.000000,73170.000000,73170.000000,73170.000000,0
2014-04-23,0,0,0,0,0,0
2014-04-24,72391.296875,72391.296875,72391.296875,72391.296875,72391.296875,0
2014-04-25,71388.703125,71388.703125,71388.703125,71388.703125,71388.703125,0
2014-04-28,72398.500000,72398.500000,72398.500000,72398.500000,72398.500000,0
2014-04-29,72315.000000,72315.000000,72315.000000,72315.000000,72315.000000,0
2014-04-30,73871.500000,73871.500000,73871.500000,73871.500000,73871.500000,0
2014-05-01,0,0,0,0,0,0
2014-05-02,75159.101563,75159.101563,75159.101563,75159.101563,75159.101563,0
2014-05-05,74760.796875,74760.796875,74760.796875,74760.796875,74760.796875,0
2014-05-06,75190.296875,75190.296875,75190.296875,75190.296875,75190.296875,0
2014-05-07,74967.203125,74967.203125,74967.203125,74967.203125,74967.203125,0
2014-05-08,75781.703125,75781.703125,75781.703125,75781.703125,75781.703125,0
2014-05-09,75563.000000,75563.000000,75563.000000,75563.000000,75563.000000,0
2014-05-12,75935.601563,75935.601563,75935.601563,75935.601563,75935.601563,0
2014-05-13,75776.500000,75776.500000,75776.500000,75776.500000,75776.500000,0
2014-05-14,76047.796875,76047.796875,76047.796875,76047.796875,76047.796875,0
2014-05-15,75228.398438,75228.398438,75228.398438,75228.398438,75228.398438,0
2014-05-16,75009.296875,75009.296875,75009.296875,75009.296875,75009.296875,0
2014-05-19,0,0,0,0,0,0
2014-05-20,0,0,0,0,0,0
2014-05-21,0,0,0,0,0,0
2014-05-22,0,0,0,0,0,0
2014-05-23,0,0,0,0,0,0
2014-05-26,0,0,0,0,0,0
2014-05-27,0,0,0,0,0,0
2014-05-28,0,0,0,0,0,0
2014-05-29,0,0,0,0,0,0
2014-05-30,0,0,0,0,0,0
2014-06-02,0,0,0,0,0,0
2014-06-03,0,0,0,0,0,0
2014-06-04,0,0,0,0,0,0
2014-06-05,79803.000000,79803.000000,79803.000000,79803.000000,79803.000000,0
2014-06-06,80397.500000,80397.500000,80397.500000,80397.500000,80397.500000,0
2014-06-09,80753.796875,80753.796875,80753.796875,80753.796875,80753.796875,0
2014-06-10,81672.000000,81672.000000,81672.000000,81672.000000,81672.000000,0
2014-06-11,0,0,0,0,0,0
2014-06-12,79834.296875,79834.296875,79834.296875,79834.296875,79834.296875,0
2014-06-13,79011.601563,79011.601563,79011.601563,79011.601563,79011.601563,0
2014-06-16,77645.703125,77645.703125,77645.703125,77645.703125,77645.703125,0
2014-06-17,78015.703125,78015.703125,78015.703125,78015.703125,78015.703125,0
2014-06-18,78092.898438,78092.898438,78092.898438,78092.898438,78092.898438,0
2014-06-19,79057.203125,79057.203125,79057.203125,79057.203125,79057.203125,0
2014-06-20,78400.703125,78400.703125,78400.703125,78400.703125,78400.703125,0
2014-06-23,79326.500000,79326.500000,79326.500000,79326.500000,79326.500000,0
2014-06-24,78986.101563,78986.101563,78986.101563,78986.101563,78986.101563,0
2014-06-25,78997.898438,78997.898438,78997.898438,78997.898438,78997.898438,0
2014-06-26,78104.101563,78104.101563,78104.101563,78104.101563,78104.101563,0
2014-06-27,78472.398438,78472.398438,78472.398438,78472.398438,78472.398438,0
2014-06-30,78489.000000,78489.000000,78489.000000,78489.000000,78489.000000,0
2014-07-01,77107.000000,77107.000000,77107.000000,77107.000000,77107.000000,0
2014-07-02,76831.796875,76831.796875,76831.796875,76831.796875,76831.796875,0
2014-07-03,77528.500000,77528.500000,77528.500000,77528.500000,77528.500000,0
2014-07-04,77534.796875,77534.796875,77534.796875,77534.796875,77534.796875,0
2014-07-07,0,0,0,0,0,0
2014-07-08,79290.796875,79290.796875,79290.796875,79290.796875,79290.796875,0
2014-07-09,79458.796875,79458.796875,79458.796875,79458.796875,79458.796875,0
2014-07-10,0,0,0,0,0,0
2014-07-11,79364.398438,79364.398438,79364.398438,79364.398438,79364.398438,0
2014-07-14,0,0,0,0,0,0
2014-07-15,0,0,0,0,0,0
2014-07-16,82270.500000,82270.500000,82270.500000,82270.500000,82270.500000,0
2014-07-17,0,0,0,0,0,0
2014-07-18,82314.500000,82314.500000,82314.500000,82314.500000,82314.500000,0
2014-07-21,82270.296875,82270.296875,82270.296875,82270.296875,82270.296875,0
2014-07-22,82530.500000,82530.500000,82530.500000,82530.500000,82530.500000,0
2014-07-23,82854.601563,82854.601563,82854.601563,82854.601563,82854.601563,0
2014-07-24,83824.601563,83824.601563,83824.601563,83824.601563,83824.601563,0
2014-07-25,84218.000000,84218.000000,84218.000000,84218.000000,84218.000000,0
2014-07-28,0,0,0,0,0,0
2014-07-29,0,0,0,0,0,0
2014-07-30,0,0,0,0,0,0
2014-07-31,0,0,0,0,0,0
2014-08-01,0,0,0,0,0,0
2014-08-04,81893.296875,81893.296875,81893.296875,81893.296875,81893.296875,0
2014-08-05,0,0,0,0,0,0
2014-08-06,79432.296875,79432.296875,79432.296875,79432.296875,79432.296875,0
2014-08-07,0,0,0,0,0,0
2014-08-08,79199.398438,79199.398438,79199.398438,79199.398438,79199.398438,0
2014-08-11,77271.203125,77271.203125,77271.203125,77271.203125,77271.203125,0
2014-08-12,0,0,0,0,0,0
2014-08-13,77618.601563,77618.601563,77618.601563,77618.601563,77618.601563,0
2014-08-14,0,0,0,0,0,0
2014-08-15,76692.101563,76692.101563,76692.101563,76692.101563,76692.101563,0
2014-08-18,77342.101563,77342.101563,77342.101563,77342.101563,77342.101563,0
2014-08-19,0,0,0,0,0,0
2014-08-20,0,0,0,0,0,0
2014-08-21,78957.500000,78957.500000,78957.500000,78957.500000,78957.500000,0
2014-08-22,0,0,0,0,0,0
2014-08-25,0,0,0,0,0,0
2014-08-26,80754.296875,80754.296875,80754.296875,80754.296875,80754.296875,0
2014-08-27,0,0,0,0,0,0
2014-08-28,0,0,0,0,0,0
2014-08-29,0,0,0,0,0,0
2014-09-01,80824.703125,80824.703125,80824.703125,80824.703125,80824.703125,0
2014-09-02,0,0,0,0,0,0
2014-09-03,0,0,0,0,0,0
2014-09-04,0,0,0,0,0,0
2014-09-05,0,0,0,0,0,0
2014-09-08,0,0,0,0,0,0
2014-09-09,0,0,0,0,0,0
2014-09-10,0,0,0,0,0,0
2014-09-11,0,0,0,0,0,0
2014-09-12,0,0,0,0,0,0
2014-09-15,0,0,0,0,0,0
2014-09-16,0,0,0,0,0,0
2014-09-17,0,0,0,0,0,0
2014-09-18,0,0,0,0,0,0
2014-09-19,0,0,0,0,0,0
2014-09-22,0,0,0,0,0,0
2014-09-23,0,0,0,0,0,0
2014-09-24,0,0,0,0,0,0
2014-09-25,0,0,0,0,0,0
2014-09-26,0,0,0,0,0,0
2014-09-29,0,0,0,0,0,0
2014-09-30,0,0,0,0,0,0
2014-10-01,0,0,0,0,0,0
2014-10-02,0,0,0,0,0,0
2014-10-03,0,0,0,0,0,0
2014-10-06,0,0,0,0,0,0
2014-10-07,0,0,0,0,0,0
2014-10-08,72943.500000,72943.500000,72943.500000,72943.500000,72943.500000,0
2014-10-09,0,0,0,0,0,0
2014-10-10,73494.101563,73494.101563,73494.101563,73494.101563,73494.101563,0
2014-10-13,75115.703125,75115.703125,75115.703125,75115.703125,75115.703125,0
2014-10-14,74686.601563,74686.601563,74686.601563,74686.601563,74686.601563,0
2014-10-15,0,0,0,0,0,0
2014-10-16,74575.898438,74575.898438,74575.898438,74575.898438,74575.898438,0
2014-10-17,75533.296875,75533.296875,75533.296875,75533.296875,75533.296875,0
2014-10-20,76331.398438,76331.398438,76331.398438,76331.398438,76331.398438,0
2014-10-21,0,0,0,0,0,0
2014-10-22,0,0,0,0,0,0
2014-10-23,0,0,0,0,0,0
2014-10-24,0,0,0,0,0,0
2014-10-27,0,0,0,0,0,0
2014-10-28,79589.101563,79589.101563,79589.101563,79589.101563,79589.101563,0
2014-10-29,0,0,0,0,0,0
2014-10-30,79898.601563,79898.601563,79898.601563,79898.601563,79898.601563,0
2014-10-31,0,0,0,0,0,0
2014-11-03,80027.898438,80027.898438,80027.898438,80027.898438,80027.898438,0
2014-11-04,80268.203125,80268.203125,80268.203125,80268.203125,80268.203125,0
2014-11-05,0,0,0,0,0,0
2014-11-06,0,0,0,0,0,0
2014-11-07,0,0,0,0,0,0
2014-11-10,0,0,0,0,0,0
2014-11-11,0,0,0,0,0,0
2014-11-12,0,0,0,0,0,0
2014-11-13,0,0,0,0,0,0
2014-11-14,81211.500000,81211.500000,81211.500000,81211.500000,81211.500000,0
2014-11-17,0,0,0,0,0,0
2014-11-18,0,0,0,0,0,0
2014-11-19,0,0,0,0,0,0
2014-11-20,82511.898438,82511.898438,82511.898438,82511.898438,82511.898438,0
2014-11-21,0,0,0,0,0,0
2014-11-24,83252.000000,83252.000000,83252.000000,83252.000000,83252.000000,0
2014-11-25,0,0,0,0,0,0
2014-11-26,84243.296875,84243.296875,84243.296875,84243.296875,84243.296875,0
2014-11-27,0,0,0,0,0,0
2014-11-28,0,0,0,0,0,0
2014-12-01,0,0,0,0,0,0
2014-12-02,84915.101563,84915.101563,84915.101563,84915.101563,84915.101563,0
2014-12-03,84915.101563,84915.101563,84915.101563,84915.101563,84915.101563,0
2014-12-04,86234.101563,86234.101563,86234.101563,86234.101563,86234.101563,0
2014-12-05,0,0,0,0,0,0
2014-12-08,0,0,0,0,0,0
2014-12-09,0,0,0,0,0,0
2014-12-10,0,0,0,0,0,0
2014-12-11,0,0,0,0,0,0
2014-12-12,0,0,0,0,0,0
2014-12-15,0,0,0,0,0,0
2014-12-16,79191.203125,79191.203125,79191.203125,79191.203125,79191.203125,0
2014-12-17,0,0,0,0,0,0
2014-12-18,0,0,0,0,0,0
2014-12-19,0,0,0,0,0,0
2014-12-22,0,0,0,0,0,0
2014-12-23,0,0,0,0,0,0
2014-12-24,0,0,0,0,0,0
2014-12-25,0,0,0,0,0,0
2014-12-26,0,0,0,0,0,0
2014-12-29,0,0,0,0,0,0
2014-12-30,84537.101563,84537.101563,84537.101563,84537.101563,84537.101563,0
2014-12-31,0,0,0,0,0,0
2015-01-01,0,0,0,0,0,0
2015-01-02,0,0,0,0,0,0
2015-01-05,0,0,0,0,0,0
2015-01-06,86909.601563,86909.601563,86909.601563,86909.601563,86909.601563,0
2015-01-07,86776.601563,86776.601563,86776.601563,86776.601563,86776.601563,0
2015-01-08,87689.601563,87689.601563,87689.601563,87689.601563,87689.601563,0
2015-01-09,87648.398438,87648.398438,87648.398438,87648.398438,87648.398438,0
2015-01-12,0,0,0,0,0,0
2015-01-13,88313.500000,88313.500000,88313.500000,88313.500000,88313.500000,0
2015-01-14,87563.500000,87563.500000,87563.500000,87563.500000,87563.500000,0
2015-01-15,87742.796875,87742.796875,87742.796875,87742.796875,87742.796875,0
2015-01-16,0,0,0,0,0,0
2015-01-19,88006.500000,88006.500000,88006.500000,88006.500000,88006.500000,0
2015-01-20,0,0,0,0,0,0
2015-01-21,90312.796875,90312.796875,90312.796875,90312.796875,90312.796875,0
2015-01-22,90902.796875,90902.796875,90902.796875,90902.796875,90902.796875,0
2015-01-23,90736.000000,90736.000000,90736.000000,90736.000000,90736.000000,0
2015-01-26,91412.898438,91412.898438,91412.898438,91412.898438,91412.898438,0
2015-01-27,91150.000000,91150.000000,91150.000000,91150.000000,91150.000000,0
2015-01-28,0,0,0,0,0,0
2015-01-29,88557.796875,88557.796875,88557.796875,88557.796875,88557.796875,0
2015-01-30,88945.796875,88945.796875,88945.796875,88945.796875,88945.796875,0
2015-02-02,89712.796875,89712.796875,89712.796875,89712.796875,89712.796875,0
2015-02-03,0,0,0,0,0,0
2015-02-04,85910.101563,85910.101563,85910.101563,85910.101563,85910.101563,0
2015-02-05,85789.296875,85789.296875,85789.296875,85789.296875,85789.296875,0
2015-02-06,84987.398438,84987.398438,84987.398438,84987.398438,84987.398438,0
2015-02-09,84574.296875,84574.296875,84574.296875,84574.296875,84574.296875,0
2015-02-10,83116.398438,83116.398438,83116.398438,83116.398438,83116.398438,0
2015-02-11,83429.500000,83429.500000,83429.500000,83429.500000,83429.500000,0
2015-02-12,86082.500000,86082.500000,86082.500000,86082.500000,86082.500000,0
2015-02-13,85809.203125,85809.203125,85809.203125,85809.203125,85809.203125,0
2015-02-16,86040.500000,86040.500000,86040.500000,86040.500000,86040.500000,0
2015-02-17,84424.898438,84424.898438,84424.898438,84424.898438,84424.898438,0
2015-02-18,85441.703125,85441.703125,85441.703125,85441.703125,85441.703125,0
2015-02-19,86414.296875,86414.296875,86414.296875,86414.296875,86414.296875,0
2015-02-20,85488.898438,85488.898438,85488.898438,85488.898438,85488.898438,0
2015-02-23,86288.203125,86288.203125,86288.203125,86288.203125,86288.203125,0
2015-02-24,86691.203125,86691.203125,86691.203125,86691.203125,86691.203125,0
2015-02-25,86733.500000,86733.500000,86733.500000,86733.500000,86733.500000,0
2015-02-26,85915.398438,85915.398438,85915.398438,85915.398438,85915.398438,0
2015-02-27,84147.500000,84147.500000,84147.500000,84147.500000,84147.500000,0
2015-03-02,83946.898438,83946.898438,83946.898438,83946.898438,83946.898438,0
2015-03-03,84303.898438,84303.898438,84303.898438,84303.898438,84303.898438,0
2015-03-04,82067.203125,82067.203125,82067.203125,82067.203125,82067.203125,0
2015-03-05,80779.601563,80779.601563,80779.601563,80779.601563,80779.601563,0
2015-03-06,80310.203125,80310.203125,80310.203125,80310.203125,80310.203125,0
2015-03-09,80645.398438,80645.398438,80645.398438,80645.398438,80645.398438,0
2015-03-10,77977.500000,77977.500000,77977.500000,77977.500000,77977.500000,0
2015-03-11,78277.000000,78277.000000,78277.000000,78277.000000,78277.000000,0
2015-03-12,78293.203125,78293.203125,78293.203125,78293.203125,78293.203125,0
2015-03-13,76642.101563,76642.101563,76642.101563,76642.101563,76642.101563,0
2015-03-16,78195.703125,78195.703125,78195.703125,78195.703125,78195.703125,0
2015-03-17,80030.601563,80030.601563,80030.601563,80030.601563,80030.601563,0
2015-03-18,79942.296875,79942.296875,79942.296875,79942.296875,79942.296875,0
2015-03-19,81922.000000,81922.000000,81922.000000,81922.000000,81922.000000,0
2015-03-20,82506.398438,82506.398438,82506.398438,82506.398438,82506.398438,0
2015-03-23,83742.000000,83742.000000,83742.000000,83742.000000,83742.000000,0
2015-03-24,82032.601563,82032.601563,82032.601563,82032.601563,82032.601563,0
2015-03-25,82649.203125,82649.203125,82649.203125,82649.203125,82649.203125,0
2015-03-26,81482.398438,81482.398438,81482.398438,81482.398438,81482.398438,0
2015-03-27,80894.101563,80894.101563,80894.101563,80894.101563,80894.101563,0
2015-03-30,82184.000000,82184.000000,82184.000000,82184.000000,82184.000000,0
2015-03-31,80846.000000,80846.000000,80846.000000,80846.000000,80846.000000,0
2015-04-01,81208.500000,81208.500000,81208.500000,81208.500000,81208.500000,0
2015-04-02,81676.398438,81676.398438,81676.398438,81676.398438,81676.398438,0
2015-04-03,82994.296875,82994.296875,82994.296875,82994.296875,82994.296875,0
2015-04-06,83130.203125,83130.203125,83130.203125,83130.203125,83130.203125,0
2015-04-07,82465.898438,82465.898438,82465.898438,82465.898438,82465.898438,0
2015-04-08,82799.398438,82799.398438,82799.398438,82799.398438,82799.398438,0
2015-04-09,83513.601563,83513.601563,83513.601563,83513.601563,83513.601563,0
2015-04-10,82645.796875,82645.796875,82645.796875,82645.796875,82645.796875,0
2015-04-13,81937.601563,81937.601563,81937.601563,81937.601563,81937.601563,0
2015-04-14,82319.703125,82319.703125,82319.703125,82319.703125,82319.703125,0
2015-04-15,81357.500000,81357.500000,81357.500000,81357.500000,81357.500000,0
2015-04-16,82436.703125,82436.703125,82436.703125,82436.703125,82436.703125,0
2015-04-17,82417.703125,82417.703125,82417.703125,82417.703125,82417.703125,0
2015-04-20,82302.601563,82302.601563,82302.601563,82302.601563,82302.601563,0
2015-04-21,84277.601563,84277.601563,84277.601563,84277.601563,84277.601563,0
2015-04-22,83780.398438,83780.398438,83780.398438,83780.398438,83780.398438,0
2015-04-23,0,0,0,0,0,0
2015-04-24,85551.296875,85551.296875,85551.296875,85551.296875,85551.296875,0
2015-04-27,86401.898438,86401.898438,86401.898438,86401.898438,86401.898438,0
2015-04-28,86209.500000,86209.500000,86209.500000,86209.500000,86209.500000,0
2015-04-29,85978.398438,85978.398438,85978.398438,85978.398438,85978.398438,0
2015-04-30,83947.000000,83947.000000,83947.000000,83947.000000,83947.000000,0
2015-05-01,0,0,0,0,0,0
2015-05-04,84018.898438,84018.898438,84018.898438,84018.898438,84018.898438,0
2015-05-05,83380.703125,83380.703125,83380.703125,83380.703125,83380.703125,0
2015-05-06,82441.398438,82441.398438,82441.398438,82441.398438,82441.398438,0
2015-05-07,82570.203125,82570.203125,82570.203125,82570.203125,82570.203125,0
2015-05-08,84059.898438,84059.898438,84059.898438,84059.898438,84059.898438,0
2015-05-11,84752.796875,84752.796875,84752.796875,84752.796875,84752.796875,0
2015-05-12,85363.500000,85363.500000,85363.500000,85363.500000,85363.500000,0
2015-05-13,86417.500000,86417.500000,86417.500000,86417.500000,86417.500000,0
2015-05-14,87243.703125,87243.703125,87243.703125,87243.703125,87243.703125,0
2015-05-15,87604.898438,87604.898438,87604.898438,87604.898438,87604.898438,0
2015-05-18,88651.898438,88651.898438,88651.898438,88651.898438,88651.898438,0
2015-05-19,0,0,0,0,0,0
2015-05-20,87791.101563,87791.101563,87791.101563,87791.101563,87791.101563,0
2015-05-21,86565.000000,86565.000000,86565.000000,86565.000000,86565.000000,0
2015-05-22,85803.898438,85803.898438,85803.898438,85803.898438,85803.898438,0
2015-05-25,84567.000000,84567.000000,84567.000000,84567.000000,84567.000000,0
2015-05-26,83649.398438,83649.398438,83649.398438,83649.398438,83649.398438,0
2015-05-27,84292.000000,84292.000000,84292.000000,84292.000000,84292.000000,0
2015-05-28,83569.601563,83569.601563,83569.601563,83569.601563,83569.601563,0
2015-05-29,82981.101563,82981.101563,82981.101563,82981.101563,82981.101563,0
2015-06-01,80429.101563,80429.101563,80429.101563,80429.101563,80429.101563,0
2015-06-02,81420.203125,81420.203125,81420.203125,81420.203125,81420.203125,0
2015-06-03,83393.601563,83393.601563,83393.601563,83393.601563,83393.601563,0
2015-06-04,82499.000000,82499.000000,82499.000000,82499.000000,82499.000000,0
2015-06-05,81943.398438,81943.398438,81943.398438,81943.398438,81943.398438,0
2015-06-08,77805.398438,77805.398438,77805.398438,77805.398438,77805.398438,0
2015-06-09,78146.203125,78146.203125,78146.203125,78146.203125,78146.203125,0
2015-06-10,79747.898438,79747.898438,79747.898438,79747.898438,79747.898438,0
2015-06-11,80845.203125,80845.203125,80845.203125,80845.203125,80845.203125,0
2015-06-12,80937.000000,80937.000000,80937.000000,80937.000000,80937.000000,0
2015-06-15,78951.398438,78951.398438,78951.398438,78951.398438,78951.398438,0
2015-06-16,80183.796875,80183.796875,80183.796875,80183.796875,80183.796875,0
2015-06-17,80713.296875,80713.296875,80713.296875,80713.296875,80713.296875,0
2015-06-18,81932.500000,81932.500000,81932.500000,81932.500000,81932.500000,0
2015-06-19,82454.398438,82454.398438,82454.398438,82454.398438,82454.398438,0
2015-06-22,83426.203125,83426.203125,83426.203125,83426.203125,83426.203125,0
2015-06-23,83068.500000,83068.500000,83068.500000,83068.500000,83068.500000,0
2015-06-24,84140.601563,84140.601563,84140.601563,84140.601563,84140.601563,0
2015-06-25,83277.101563,83277.101563,83277.101563,83277.101563,83277.101563,0
2015-06-26,83546.101563,83546.101563,83546.101563,83546.101563,83546.101563,0
2015-06-29,81756.203125,81756.203125,81756.203125,81756.203125,81756.203125,0
2015-06-30,82249.500000,82249.500000,82249.500000,82249.500000,82249.500000,0
2015-07-01,81681.703125,81681.703125,81681.703125,81681.703125,81681.703125,0
2015-07-02,81880.000000,81880.000000,81880.000000,81880.000000,81880.000000,0
2015-07-03,81217.000000,81217.000000,81217.000000,81217.000000,81217.000000,0
2015-07-06,82365.898438,82365.898438,82365.898438,82365.898438,82365.898438,0
2015-07-07,81572.296875,81572.296875,81572.296875,81572.296875,81572.296875,0
2015-07-08,80386.601563,80386.601563,80386.601563,80386.601563,80386.601563,0
2015-07-09,82286.296875,82286.296875,82286.296875,82286.296875,82286.296875,0
2015-07-10,82791.898438,82791.898438,82791.898438,82791.898438,82791.898438,0
2015-07-13,83388.296875,83388.296875,83388.296875,83388.296875,83388.296875,0
2015-07-14,83041.101563,83041.101563,83041.101563,83041.101563,83041.101563,0
2015-07-15,82727.898438,82727.898438,82727.898438,82727.898438,82727.898438,0
2015-07-16,82789.796875,82789.796875,82789.796875,82789.796875,82789.796875,0
2015-07-17,0,0,0,0,0,0
2015-07-20,81320.000000,81320.000000,81320.000000,81320.000000,81320.000000,0
2015-07-21,81583.601563,81583.601563,81583.601563,81583.601563,81583.601563,0
2015-07-22,81222.398438,81222.398438,81222.398438,81222.398438,81222.398438,0
2015-07-23,78336.601563,78336.601563,78336.601563,78336.601563,78336.601563,0
2015-07-24,78712.101563,78712.101563,78712.101563,78712.101563,78712.101563,0
2015-07-27,77352.000000,77352.000000,77352.000000,77352.000000,77352.000000,0
2015-07-28,78024.000000,78024.000000,78024.000000,78024.000000,78024.000000,0
2015-07-29,78079.796875,78079.796875,78079.796875,78079.796875,78079.796875,0
2015-07-30,78271.500000,78271.500000,78271.500000,78271.500000,78271.500000,0
2015-07-31,79909.703125,79909.703125,79909.703125,79909.703125,79909.703125,0
2015-08-03,78164.101563,78164.101563,78164.101563,78164.101563,78164.101563,0
2015-08-04,78234.898438,78234.898438,78234.898438,78234.898438,78234.898438,0
2015-08-05,78134.296875,78134.296875,78134.296875,78134.296875,78134.296875,0
2015-08-06,78803.101563,78803.101563,78803.101563,78803.101563,78803.101563,0
2015-08-07,78427.101563,78427.101563,78427.101563,78427.101563,78427.101563,0
2015-08-10,77495.296875,77495.296875,77495.296875,77495.296875,77495.296875,0
2015-08-11,79720.000000,79720.000000,79720.000000,79720.000000,79720.000000,0
2015-08-12,78174.796875,78174.796875,78174.796875,78174.796875,78174.796875,0
2015-08-13,77085.500000,77085.500000,77085.500000,77085.500000,77085.500000,0
2015-08-14,77309.000000,77309.000000,77309.000000,77309.000000,77309.000000,0
2015-08-17,76922.398438,76922.398438,76922.398438,76922.398438,76922.398438,0
2015-08-18,75960.101563,75960.101563,75960.101563,75960.101563,75960.101563,0
2015-08-19,75299.601563,75299.601563,75299.601563,75299.601563,75299.601563,0
2015-08-20,74681.796875,74681.796875,74681.796875,74681.796875,74681.796875,0
2015-08-21,73797.796875,73797.796875,73797.796875,73797.796875,73797.796875,0
2015-08-24,71342.000000,71342.000000,71342.000000,71342.000000,71342.000000,0
2015-08-25,73509.703125,73509.703125,73509.703125,73509.703125,73509.703125,0
2015-08-26,73615.898438,73615.898438,73615.898438,73615.898438,73615.898438,0
2015-08-27,74813.500000,74813.500000,74813.500000,74813.500000,74813.500000,0
2015-08-28,74641.601563,74641.601563,74641.601563,74641.601563,74641.601563,0
2015-08-31,75210.398438,75210.398438,75210.398438,75210.398438,75210.398438,0
2015-09-01,73569.703125,73569.703125,73569.703125,73569.703125,73569.703125,0
2015-09-02,73656.101563,73656.101563,73656.101563,73656.101563,73656.101563,0
2015-09-03,74004.101563,74004.101563,74004.101563,74004.101563,74004.101563,0
2015-09-04,72950.101563,72950.101563,72950.101563,72950.101563,72950.101563,0
2015-09-07,71865.796875,71865.796875,71865.796875,71865.796875,71865.796875,0
2015-09-08,72051.796875,72051.796875,72051.796875,72051.796875,72051.796875,0
2015-09-09,72003.296875,72003.296875,72003.296875,72003.296875,72003.296875,0
2015-09-10,71846.500000,71846.500000,71846.500000,71846.500000,71846.500000,0
2015-09-11,71350.898438,71350.898438,71350.898438,71350.898438,71350.898438,0
2015-09-14,71299.398438,71299.398438,71299.398438,71299.398438,71299.398438,0
2015-09-15,73173.398438,73173.398438,73173.398438,73173.398438,73173.398438,0
2015-09-16,74149.500000,74149.500000,74149.500000,74149.500000,74149.500000,0
2015-09-17,74980.601563,74980.601563,74980.601563,74980.601563,74980.601563,0
2015-09-18,75099.000000,75099.000000,75099.000000,75099.000000,75099.000000,0
2015-09-21,75860.703125,75860.703125,75860.703125,75860.703125,75860.703125,0
2015-09-22,74993.703125,74993.703125,74993.703125,74993.703125,74993.703125,0
2015-09-23,74610.203125,74610.203125,74610.203125,74610.203125,74610.203125,0
2015-09-24,0,0,0,0,0,0
2015-09-25,0,0,0,0,0,0
2015-09-28,73315.000000,73315.000000,73315.000000,73315.000000,73315.000000,0
2015-09-29,74257.601563,74257.601563,74257.601563,74257.601563,74257.601563,0
2015-09-30,74205.500000,74205.500000,74205.500000,74205.500000,74205.500000,0
2015-10-01,74531.000000,74531.000000,74531.000000,74531.000000,74531.000000,0
2015-10-02,74396.601563,74396.601563,74396.601563,74396.601563,74396.601563,0
2015-10-05,76902.500000,76902.500000,76902.500000,76902.500000,76902.500000,0
2015-10-06,77258.601563,77258.601563,77258.601563,77258.601563,77258.601563,0
2015-10-07,78698.203125,78698.203125,78698.203125,78698.203125,78698.203125,0
2015-10-08,78661.000000,78661.000000,78661.000000,78661.000000,78661.000000,0
2015-10-09,79214.898438,79214.898438,79214.898438,79214.898438,79214.898438,0
2015-10-12,79300.101563,79300.101563,79300.101563,79300.101563,79300.101563,0
2015-10-13,78358.601563,78358.601563,78358.601563,78358.601563,78358.601563,0
2015-10-14,79380.203125,79380.203125,79380.203125,79380.203125,79380.203125,0
2015-10-15,79263.296875,79263.296875,79263.296875,79263.296875,79263.296875,0
2015-10-16,78483.500000,78483.500000,78483.500000,78483.500000,78483.500000,0
2015-10-19,79734.500000,79734.500000,79734.500000,79734.500000,79734.500000,0
2015-10-20,80496.500000,80496.500000,80496.500000,80496.500000,80496.500000,0
2015-10-21,79765.296875,79765.296875,79765.296875,79765.296875,79765.296875,0
2015-10-22,80255.898438,80255.898438,80255.898438,80255.898438,80255.898438,0
2015-10-23,80124.796875,80124.796875,80124.796875,80124.796875,80124.796875,0
2015-10-26,79262.296875,79262.296875,79262.296875,79262.296875,79262.296875,0
2015-10-27,78662.500000,78662.500000,78662.500000,78662.500000,78662.500000,0
2015-10-28,78536.296875,78536.296875,78536.296875,78536.296875,78536.296875,0
2015-10-29,0,0,0,0,0,0
2015-10-30,0,0,0,0,0,0
2015-11-02,83693.601563,83693.601563,83693.601563,83693.601563,83693.601563,0
2015-11-03,82913.898438,82913.898438,82913.898438,82913.898438,82913.898438,0
2015-11-04,83684.101563,83684.101563,83684.101563,83684.101563,83684.101563,0
2015-11-05,82955.703125,82955.703125,82955.703125,82955.703125,82955.703125,0
2015-11-06,81930.203125,81930.203125,81930.203125,81930.203125,81930.203125,0
2015-11-09,82050.101563,82050.101563,82050.101563,82050.101563,82050.101563,0
2015-11-10,81174.101563,81174.101563,81174.101563,81174.101563,81174.101563,0
2015-11-11,81718.000000,81718.000000,81718.000000,81718.000000,81718.000000,0
2015-11-12,82143.398438,82143.398438,82143.398438,82143.398438,82143.398438,0
2015-11-13,81878.796875,81878.796875,81878.796875,81878.796875,81878.796875,0
2015-11-16,81046.398438,81046.398438,81046.398438,81046.398438,81046.398438,0
2015-11-17,81152.898438,81152.898438,81152.898438,81152.898438,81152.898438,0
2015-11-18,80514.203125,80514.203125,80514.203125,80514.203125,80514.203125,0
2015-11-19,80441.203125,80441.203125,80441.203125,80441.203125,80441.203125,0
2015-11-20,80681.703125,80681.703125,80681.703125,80681.703125,80681.703125,0
2015-11-23,79744.796875,79744.796875,79744.796875,79744.796875,79744.796875,0
2015-11-24,76243.000000,76243.000000,76243.000000,76243.000000,76243.000000,0
2015-11-25,76836.500000,76836.500000,76836.500000,76836.500000,76836.500000,0
2015-11-26,74997.601563,74997.601563,74997.601563,74997.601563,74997.601563,0
2015-11-27,75638.398438,75638.398438,75638.398438,75638.398438,75638.398438,0
2015-11-30,75232.796875,75232.796875,75232.796875,75232.796875,75232.796875,0
2015-12-01,75232.796875,75232.796875,75232.796875,75232.796875,75232.796875,0
2015-12-02,76395.000000,76395.000000,76395.000000,76395.000000,76395.000000,0
2015-12-03,75452.796875,75452.796875,75452.796875,75452.796875,75452.796875,0
2015-12-04,74265.296875,74265.296875,74265.296875,74265.296875,74265.296875,0
2015-12-07,73908.898438,73908.898438,73908.898438,73908.898438,73908.898438,0
2015-12-08,73908.898438,73908.898438,73908.898438,73908.898438,73908.898438,0
2015-12-09,74583.703125,74583.703125,74583.703125,74583.703125,74583.703125,0
2015-12-10,72354.203125,72354.203125,72354.203125,72354.203125,72354.203125,0
2015-12-11,70280.296875,70280.296875,70280.296875,70280.296875,70280.296875,0
2015-12-14,69308.703125,69308.703125,69308.703125,69308.703125,69308.703125,0
2015-12-15,72156.796875,72156.796875,72156.796875,72156.796875,72156.796875,0
2015-12-16,72831.796875,72831.796875,72831.796875,72831.796875,72831.796875,0
2015-12-17,73711.898438,73711.898438,73711.898438,73711.898438,73711.898438,0
2015-12-18,72460.398438,72460.398438,72460.398438,72460.398438,72460.398438,0
2015-12-21,73328.203125,73328.203125,73328.203125,73328.203125,73328.203125,0
2015-12-22,73102.101563,73102.101563,73102.101563,73102.101563,73102.101563,0
2015-12-23,74044.898438,74044.898438,74044.898438,74044.898438,74044.898438,0
2015-12-24,74189.500000,74189.500000,74189.500000,74189.500000,74189.500000,0
2015-12-25,74189.500000,74189.500000,74189.500000,74189.500000,74189.500000,0
2015-12-28,74243.203125,74243.203125,74243.203125,74243.203125,74243.203125,0
2015-12-29,73912.601563,73912.601563,73912.601563,73912.601563,73912.601563,0
2015-12-30,73200.703125,73200.703125,73200.703125,73200.703125,73200.703125,0
2015-12-31,71727.000000,71727.000000,71727.000000,71727.000000,71727.000000,0
2016-01-01,0,0,0,0,0,0
2016-01-04,70518.398438,70518.398438,70518.398438,70518.398438,70518.398438,0
2016-01-05,70688.101563,70688.101563,70688.101563,70688.101563,70688.101563,0
2016-01-06,71197.898438,71197.898438,71197.898438,71197.898438,71197.898438,0
2016-01-07,71495.898438,71495.898438,71495.898438,71495.898438,71495.898438,0
2016-01-08,70613.203125,70613.203125,70613.203125,70613.203125,70613.203125,0
2016-01-11,71049.000000,71049.000000,71049.000000,71049.000000,71049.000000,0
2016-01-12,71740.398438,71740.398438,71740.398438,71740.398438,71740.398438,0
2016-01-13,72508.703125,72508.703125,72508.703125,72508.703125,72508.703125,0
2016-01-14,71940.601563,71940.601563,71940.601563,71940.601563,71940.601563,0
2016-01-15,71062.000000,71062.000000,71062.000000,71062.000000,71062.000000,0
2016-01-18,71039.703125,71039.703125,71039.703125,71039.703125,71039.703125,0
2016-01-19,71073.203125,71073.203125,71073.203125,71073.203125,71073.203125,0
2016-01-20,69604.000000,69604.000000,69604.000000,69604.000000,69604.000000,0
2016-01-21,68567.898438,68567.898438,68567.898438,68567.898438,68567.898438,0
2016-01-22,70243.898438,70243.898438,70243.898438,70243.898438,70243.898438,0
2016-01-25,70539.000000,70539.000000,70539.000000,70539.000000,70539.000000,0
2016-01-26,71808.898438,71808.898438,71808.898438,71808.898438,71808.898438,0
2016-01-27,72052.898438,72052.898438,72052.898438,72052.898438,72052.898438,0
2016-01-28,72427.398438,72427.398438,72427.398438,72427.398438,72427.398438,0
2016-01-29,73481.101563,73481.101563,73481.101563,73481.101563,73481.101563,0
2016-02-01,73447.703125,73447.703125,73447.703125,73447.703125,73447.703125,0
2016-02-02,72506.203125,72506.203125,72506.203125,72506.203125,72506.203125,0
2016-02-03,73267.398438,73267.398438,73267.398438,73267.398438,73267.398438,0
2016-02-04,74505.398438,74505.398438,74505.398438,74505.398438,74505.398438,0
2016-02-05,74203.500000,74203.500000,74203.500000,74203.500000,74203.500000,0
2016-02-08,72005.203125,72005.203125,72005.203125,72005.203125,72005.203125,0
2016-02-09,71415.203125,71415.203125,71415.203125,71415.203125,71415.203125,0
2016-02-10,71614.203125,71614.203125,71614.203125,71614.203125,71614.203125,0
2016-02-11,70941.601563,70941.601563,70941.601563,70941.601563,70941.601563,0
2016-02-12,70937.398438,70937.398438,70937.398438,70937.398438,70937.398438,0
2016-02-15,71008.101563,71008.101563,71008.101563,71008.101563,71008.101563,0
2016-02-16,70949.203125,70949.203125,70949.203125,70949.203125,70949.203125,0
2016-02-17,72805.101563,72805.101563,72805.101563,72805.101563,72805.101563,0
2016-02-18,73446.500000,73446.500000,73446.500000,73446.500000,73446.500000,0
2016-02-19,73015.398438,73015.398438,73015.398438,73015.398438,73015.398438,0
2016-02-22,74893.898438,74893.898438,74893.898438,74893.898438,74893.898438,0
2016-02-23,75499.796875,75499.796875,75499.796875,75499.796875,75499.796875,0
2016-02-24,74067.203125,74067.203125,74067.203125,74067.203125,74067.203125,0
2016-02-25,75201.898438,75201.898438,75201.898438,75201.898438,75201.898438,0
2016-02-26,74929.000000,74929.000000,74929.000000,74929.000000,74929.000000,0
2016-02-29,75814.398438,75814.398438,75814.398438,75814.398438,75814.398438,0
2016-03-01,75955.398438,75955.398438,75955.398438,75955.398438,75955.398438,0
2016-03-02,76788.000000,76788.000000,76788.000000,76788.000000,76788.000000,0
2016-03-03,76828.296875,76828.296875,76828.296875,76828.296875,76828.296875,0
2016-03-04,77191.101563,77191.101563,77191.101563,77191.101563,77191.101563,0
2016-03-07,77483.898438,77483.898438,77483.898438,77483.898438,77483.898438,0
2016-03-08,77682.898438,77682.898438,77682.898438,77682.898438,77682.898438,0
2016-03-09,78738.203125,78738.203125,78738.203125,78738.203125,78738.203125,0
2016-03-10,79024.703125,79024.703125,79024.703125,79024.703125,79024.703125,0
2016-03-11,79380.203125,79380.203125,79380.203125,79380.203125,79380.203125,0
2016-03-14,80110.898438,80110.898438,80110.898438,80110.898438,80110.898438,0
2016-03-15,79031.101563,79031.101563,79031.101563,79031.101563,79031.101563,0
2016-03-16,79369.203125,79369.203125,79369.203125,79369.203125,79369.203125,0
2016-03-17,81377.101563,81377.101563,81377.101563,81377.101563,81377.101563,0
2016-03-18,82943.398438,82943.398438,82943.398438,82943.398438,82943.398438,0
2016-03-21,83402.703125,83402.703125,83402.703125,83402.703125,83402.703125,0
2016-03-22,81766.101563,81766.101563,81766.101563,81766.101563,81766.101563,0
2016-03-23,80383.703125,80383.703125,80383.703125,80383.703125,80383.703125,0
2016-03-24,81358.398438,81358.398438,81358.398438,81358.398438,81358.398438,0
2016-03-25,81356.500000,81356.500000,81356.500000,81356.500000,81356.500000,0
2016-03-28,81356.500000,81356.500000,81356.500000,81356.500000,81356.500000,0
2016-03-29,81733.601563,81733.601563,81733.601563,81733.601563,81733.601563,0
2016-03-30,82917.796875,82917.796875,82917.796875,82917.796875,82917.796875,0
2016-03-31,83268.000000,83268.000000,83268.000000,83268.000000,83268.000000,0
2016-04-01,82359.398438,82359.398438,82359.398438,82359.398438,82359.398438,0
2016-04-04,83872.898438,83872.898438,83872.898438,83872.898438,83872.898438,0
2016-04-05,82964.101563,82964.101563,82964.101563,82964.101563,82964.101563,0
2016-04-06,81511.296875,81511.296875,81511.296875,81511.296875,81511.296875,0
2016-04-07,81164.703125,81164.703125,81164.703125,81164.703125,81164.703125,0
2016-04-08,0,0,0,0,0,0
2016-04-11,83987.500000,83987.500000,83987.500000,83987.500000,83987.500000,0
2016-04-12,83719.796875,83719.796875,83719.796875,83719.796875,83719.796875,0
2016-04-13,85696.703125,85696.703125,85696.703125,85696.703125,85696.703125,0
2016-04-14,85785.000000,85785.000000,85785.000000,85785.000000,85785.000000,0
2016-04-15,85573.203125,85573.203125,85573.203125,85573.203125,85573.203125,0
2016-04-18,86343.601563,86343.601563,86343.601563,86343.601563,86343.601563,0
2016-04-19,86251.000000,86251.000000,86251.000000,86251.000000,86251.000000,0
2016-04-20,85550.203125,85550.203125,85550.203125,85550.203125,85550.203125,0
2016-04-21,85670.796875,85670.796875,85670.796875,85670.796875,85670.796875,0
2016-04-22,85828.703125,85828.703125,85828.703125,85828.703125,85828.703125,0
2016-04-25,85109.398438,85109.398438,85109.398438,85109.398438,85109.398438,0
2016-04-26,85756.398438,85756.398438,85756.398438,85756.398438,85756.398438,0
2016-04-27,85374.203125,85374.203125,85374.203125,85374.203125,85374.203125,0
2016-04-28,85477.796875,85477.796875,85477.796875,85477.796875,85477.796875,0
2016-04-29,85327.796875,85327.796875,85327.796875,85327.796875,85327.796875,0
2016-05-02,83829.898438,83829.898438,83829.898438,83829.898438,83829.898438,0
2016-05-03,81069.796875,81069.796875,81069.796875,81069.796875,81069.796875,0
2016-05-04,79382.601563,79382.601563,79382.601563,79382.601563,79382.601563,0
2016-05-05,78698.796875,78698.796875,78698.796875,78698.796875,78698.796875,0
2016-05-06,78368.101563,78368.101563,78368.101563,78368.101563,78368.101563,0
2016-05-09,79062.101563,79062.101563,79062.101563,79062.101563,79062.101563,0
2016-05-10,78802.398438,78802.398438,78802.398438,78802.398438,78802.398438,0
2016-05-11,79027.796875,79027.796875,79027.796875,79027.796875,79027.796875,0
2016-05-12,78304.203125,78304.203125,78304.203125,78304.203125,78304.203125,0
2016-05-13,77808.398438,77808.398438,77808.398438,77808.398438,77808.398438,0
2016-05-16,76999.703125,76999.703125,76999.703125,76999.703125,76999.703125,0
2016-05-17,77277.203125,77277.203125,77277.203125,77277.203125,77277.203125,0
2016-05-18,77243.898438,77243.898438,77243.898438,77243.898438,77243.898438,0
2016-05-19,0,0,0,0,0,0
2016-05-20,76357.703125,76357.703125,76357.703125,76357.703125,76357.703125,0
2016-05-23,76765.898438,76765.898438,76765.898438,76765.898438,76765.898438,0
2016-05-24,79434.601563,79434.601563,79434.601563,79434.601563,79434.601563,0
2016-05-25,78609.101563,78609.101563,78609.101563,78609.101563,78609.101563,0
2016-05-26,78035.601563,78035.601563,78035.601563,78035.601563,78035.601563,0
2016-05-27,78028.898438,78028.898438,78028.898438,78028.898438,78028.898438,0
2016-05-30,78535.203125,78535.203125,78535.203125,78535.203125,78535.203125,0
2016-05-31,77803.398438,77803.398438,77803.398438,77803.398438,77803.398438,0
2016-06-01,77034.898438,77034.898438,77034.898438,77034.898438,77034.898438,0
2016-06-02,76272.101563,76272.101563,76272.101563,76272.101563,76272.101563,0
2016-06-03,78139.500000,78139.500000,78139.500000,78139.500000,78139.500000,0
2016-06-06,78592.796875,78592.796875,78592.796875,78592.796875,78592.796875,0
2016-06-07,78157.601563,78157.601563,78157.601563,78157.601563,78157.601563,0
2016-06-08,78832.601563,78832.601563,78832.601563,78832.601563,78832.601563,0
2016-06-09,77711.703125,77711.703125,77711.703125,77711.703125,77711.703125,0
2016-06-10,76887.296875,76887.296875,76887.296875,76887.296875,76887.296875,0
2016-06-13,76534.203125,76534.203125,76534.203125,76534.203125,76534.203125,0
2016-06-14,75759.500000,75759.500000,75759.500000,75759.500000,75759.500000,0
2016-06-15,76237.398438,76237.398438,76237.398438,76237.398438,76237.398438,0
2016-06-16,74671.703125,74671.703125,74671.703125,74671.703125,74671.703125,0
2016-06-17,75430.500000,75430.500000,75430.500000,75430.500000,75430.500000,0
2016-06-20,77523.101563,77523.101563,77523.101563,77523.101563,77523.101563,0
2016-06-21,77531.398438,77531.398438,77531.398438,77531.398438,77531.398438,0
2016-06-22,77267.500000,77267.500000,77267.500000,77267.500000,77267.500000,0
2016-06-23,77989.898438,77989.898438,77989.898438,77989.898438,77989.898438,0
2016-06-24,75366.000000,75366.000000,75366.000000,75366.000000,75366.000000,0
2016-06-27,75161.203125,75161.203125,75161.203125,75161.203125,75161.203125,0
2016-06-28,76929.296875,76929.296875,76929.296875,76929.296875,76929.296875,0
2016-06-29,76712.000000,76712.000000,76712.000000,76712.000000,76712.000000,0
2016-06-30,76817.203125,76817.203125,76817.203125,76817.203125,76817.203125,0
2016-07-01,77952.101563,77952.101563,77952.101563,77952.101563,77952.101563,0
2016-07-04,78387.703125,78387.703125,78387.703125,78387.703125,78387.703125,0
2016-07-05,0,0,0,0,0,0
2016-07-06,0,0,0,0,0,0
2016-07-07,0,0,0,0,0,0
2016-07-08,78019.500000,78019.500000,78019.500000,78019.500000,78019.500000,0
2016-07-11,79235.000000,79235.000000,79235.000000,79235.000000,79235.000000,0
2016-07-12,0,0,0,0,0,0
2016-07-13,81321.703125,81321.703125,81321.703125,81321.703125,81321.703125,0
2016-07-14,82589.796875,82589.796875,82589.796875,82589.796875,82589.796875,0
2016-07-15,82825.398438,82825.398438,82825.398438,82825.398438,82825.398438,0
2016-07-18,76957.601563,76957.601563,76957.601563,76957.601563,76957.601563,0
2016-07-19,76177.796875,76177.796875,76177.796875,76177.796875,76177.796875,0
2016-07-20,74902.796875,74902.796875,74902.796875,74902.796875,74902.796875,0
2016-07-21,71595.000000,71595.000000,71595.000000,71595.000000,71595.000000,0
2016-07-22,71738.398438,71738.398438,71738.398438,71738.398438,71738.398438,0
2016-07-25,74174.000000,74174.000000,74174.000000,74174.000000,74174.000000,0
2016-07-26,73689.398438,73689.398438,73689.398438,73689.398438,73689.398438,0
2016-07-27,75075.703125,75075.703125,75075.703125,75075.703125,75075.703125,0
2016-07-28,75244.101563,75244.101563,75244.101563,75244.101563,75244.101563,0
2016-07-29,75405.500000,75405.500000,75405.500000,75405.500000,75405.500000,0
2016-08-01,76711.703125,76711.703125,76711.703125,76711.703125,76711.703125,0
2016-08-02,75803.898438,75803.898438,75803.898438,75803.898438,75803.898438,0
2016-08-03,74552.101563,74552.101563,74552.101563,74552.101563,74552.101563,0
2016-08-04,76125.601563,76125.601563,76125.601563,76125.601563,76125.601563,0
2016-08-05,76065.703125,76065.703125,76065.703125,76065.703125,76065.703125,0
2016-08-08,77779.101563,77779.101563,77779.101563,77779.101563,77779.101563,0
2016-08-09,78524.898438,78524.898438,78524.898438,78524.898438,78524.898438,0
2016-08-10,77955.601563,77955.601563,77955.601563,77955.601563,77955.601563,0
2016-08-11,79033.601563,79033.601563,79033.601563,79033.601563,79033.601563,0
2016-08-12,78228.601563,78228.601563,78228.601563,78228.601563,78228.601563,0
2016-08-15,78472.601563,78472.601563,78472.601563,78472.601563,78472.601563,0
2016-08-16,77707.101563,77707.101563,77707.101563,77707.101563,77707.101563,0
2016-08-17,78147.796875,78147.796875,78147.796875,78147.796875,78147.796875,0
2016-08-18,77970.898438,77970.898438,77970.898438,77970.898438,77970.898438,0
2016-08-19,78145.601563,78145.601563,78145.601563,78145.601563,78145.601563,0
2016-08-22,77953.296875,77953.296875,77953.296875,77953.296875,77953.296875,0
2016-08-23,77333.601563,77333.601563,77333.601563,77333.601563,77333.601563,0
2016-08-24,76116.296875,76116.296875,76116.296875,76116.296875,76116.296875,0
2016-08-25,76789.898438,76789.898438,76789.898438,76789.898438,76789.898438,0
2016-08-26,77119.601563,77119.601563,77119.601563,77119.601563,77119.601563,0
2016-08-29,76118.796875,76118.796875,76118.796875,76118.796875,76118.796875,0
2016-08-30,0,0,0,0,0,0
2016-08-31,75967.601563,75967.601563,75967.601563,75967.601563,75967.601563,0
2016-09-01,75852.796875,75852.796875,75852.796875,75852.796875,75852.796875,0
2016-09-02,76884.296875,76884.296875,76884.296875,76884.296875,76884.296875,0
2016-09-05,77791.601563,77791.601563,77791.601563,77791.601563,77791.601563,0
2016-09-06,77994.796875,77994.796875,77994.796875,77994.796875,77994.796875,0
2016-09-07,77643.203125,77643.203125,77643.203125,77643.203125,77643.203125,0
2016-09-08,77843.500000,77843.500000,77843.500000,77843.500000,77843.500000,0
2016-09-09,77053.500000,77053.500000,77053.500000,77053.500000,77053.500000,0
2016-09-12,0,0,0,0,0,0
2016-09-13,0,0,0,0,0,0
2016-09-14,0,0,0,0,0,0
2016-09-15,0,0,0,0,0,0
2016-09-16,76020.296875,76020.296875,76020.296875,76020.296875,76020.296875,0
2016-09-19,77670.796875,77670.796875,77670.796875,77670.796875,77670.796875,0
2016-09-20,77313.500000,77313.500000,77313.500000,77313.500000,77313.500000,0
2016-09-21,77915.898438,77915.898438,77915.898438,77915.898438,77915.898438,0
2016-09-22,79795.898438,79795.898438,79795.898438,79795.898438,79795.898438,0
2016-09-23,79756.398438,79756.398438,79756.398438,79756.398438,79756.398438,0
2016-09-26,76725.703125,76725.703125,76725.703125,76725.703125,76725.703125,0
2016-09-27,77160.703125,77160.703125,77160.703125,77160.703125,77160.703125,0
2016-09-28,77677.796875,77677.796875,77677.796875,77677.796875,77677.796875,0
2016-09-29,77076.796875,77076.796875,77076.796875,77076.796875,77076.796875,0
2016-09-30,76488.398438,76488.398438,76488.398438,76488.398438,76488.398438,0
2016-10-03,77225.398438,77225.398438,77225.398438,77225.398438,77225.398438,0
2016-10-04,77057.796875,77057.796875,77057.796875,77057.796875,77057.796875,0
2016-10-05,77853.601563,77853.601563,77853.601563,77853.601563,77853.601563,0
2016-10-06,77894.703125,77894.703125,77894.703125,77894.703125,77894.703125,0
2016-10-07,77976.000000,77976.000000,77976.000000,77976.000000,77976.000000,0
2016-10-10,77835.296875,77835.296875,77835.296875,77835.296875,77835.296875,0
2016-10-11,77643.601563,77643.601563,77643.601563,77643.601563,77643.601563,0
2016-10-12,77461.296875,77461.296875,77461.296875,77461.296875,77461.296875,0
2016-10-13,76810.296875,76810.296875,76810.296875,76810.296875,76810.296875,0
2016-10-14,78340.398438,78340.398438,78340.398438,78340.398438,78340.398438,0
2016-10-17,77437.601563,77437.601563,77437.601563,77437.601563,77437.601563,0
2016-10-18,78340.398438,78340.398438,78340.398438,78340.398438,78340.398438,0
2016-10-19,79209.898438,79209.898438,79209.898438,79209.898438,79209.898438,0
2016-10-20,79252.398438,79252.398438,79252.398438,79252.398438,79252.398438,0
2016-10-21,78843.703125,78843.703125,78843.703125,78843.703125,78843.703125,0
2016-10-24,79932.500000,79932.500000,79932.500000,79932.500000,79932.500000,0
2016-10-25,79433.296875,79433.296875,79433.296875,79433.296875,79433.296875,0
2016-10-26,79397.898438,79397.898438,79397.898438,79397.898438,79397.898438,0
2016-10-27,78739.203125,78739.203125,78739.203125,78739.203125,78739.203125,0
2016-10-28,78332.898438,78332.898438,78332.898438,78332.898438,78332.898438,0
2016-10-31,78536.203125,78536.203125,78536.203125,78536.203125,78536.203125,0
2016-11-01,77428.601563,77428.601563,77428.601563,77428.601563,77428.601563,0
2016-11-02,77171.601563,77171.601563,77171.601563,77171.601563,77171.601563,0
2016-11-03,76681.398438,76681.398438,76681.398438,76681.398438,76681.398438,0
2016-11-04,74267.203125,74267.203125,74267.203125,74267.203125,74267.203125,0
2016-11-07,75682.000000,75682.000000,75682.000000,75682.000000,75682.000000,0
2016-11-08,76367.796875,76367.796875,76367.796875,76367.796875,76367.796875,0
2016-11-09,76209.000000,76209.000000,76209.000000,76209.000000,76209.000000,0
2016-11-10,76360.398438,76360.398438,76360.398438,76360.398438,76360.398438,0
2016-11-11,75174.203125,75174.203125,75174.203125,75174.203125,75174.203125,0
2016-11-14,74419.101563,74419.101563,74419.101563,74419.101563,74419.101563,0
2016-11-15,75150.601563,75150.601563,75150.601563,75150.601563,75150.601563,0
2016-11-16,74759.101563,74759.101563,74759.101563,74759.101563,74759.101563,0
2016-11-17,75136.203125,75136.203125,75136.203125,75136.203125,75136.203125,0
2016-11-18,75639.000000,75639.000000,75639.000000,75639.000000,75639.000000,0
2016-11-21,75543.601563,75543.601563,75543.601563,75543.601563,75543.601563,0
2016-11-22,75812.000000,75812.000000,75812.000000,75812.000000,75812.000000,0
2016-11-23,75036.898438,75036.898438,75036.898438,75036.898438,75036.898438,0
2016-11-24,74193.101563,74193.101563,74193.101563,74193.101563,74193.101563,0
2016-11-25,74363.500000,74363.500000,74363.500000,74363.500000,74363.500000,0
2016-11-28,74990.203125,74990.203125,74990.203125,74990.203125,74990.203125,0
2016-11-29,74205.500000,74205.500000,74205.500000,74205.500000,74205.500000,0
2016-11-30,73995.203125,73995.203125,73995.203125,73995.203125,73995.203125,0
2016-12-01,72519.898438,72519.898438,72519.898438,72519.898438,72519.898438,0
2016-12-02,73390.898438,73390.898438,73390.898438,73390.898438,73390.898438,0
2016-12-05,73599.703125,73599.703125,73599.703125,73599.703125,73599.703125,0
2016-12-06,75433.296875,75433.296875,75433.296875,75433.296875,75433.296875,0
2016-12-07,76030.796875,76030.796875,76030.796875,76030.796875,76030.796875,0
2016-12-08,75929.296875,75929.296875,75929.296875,75929.296875,75929.296875,0
2016-12-09,75727.296875,75727.296875,75727.296875,75727.296875,75727.296875,0
2016-12-12,76239.601563,76239.601563,76239.601563,76239.601563,76239.601563,0
2016-12-13,76995.296875,76995.296875,76995.296875,76995.296875,76995.296875,0
2016-12-14,76880.898438,76880.898438,76880.898438,76880.898438,76880.898438,0
2016-12-15,77678.601563,77678.601563,77678.601563,77678.601563,77678.601563,0
2016-12-16,77589.601563,77589.601563,77589.601563,77589.601563,77589.601563,0
2016-12-19,77157.796875,77157.796875,77157.796875,77157.796875,77157.796875,0
2016-12-20,77807.898438,77807.898438,77807.898438,77807.898438,77807.898438,0
2016-12-21,77619.500000,77619.500000,77619.500000,77619.500000,77619.500000,0
2016-12-22,77404.703125,77404.703125,77404.703125,77404.703125,77404.703125,0
2016-12-23,76972.101563,76972.101563,76972.101563,76972.101563,76972.101563,0
2016-12-26,77028.500000,77028.500000,77028.500000,77028.500000,77028.500000,0
2016-12-27,76699.398438,76699.398438,76699.398438,76699.398438,76699.398438,0
2016-12-28,77547.703125,77547.703125,77547.703125,77547.703125,77547.703125,0
2016-12-29,77835.898438,77835.898438,77835.898438,77835.898438,77835.898438,0
2016-12-30,78138.703125,78138.703125,78138.703125,78138.703125,78138.703125,0
2017-01-02,77754.500000,77754.500000,77754.500000,77754.500000,77754.500000,0
2017-01-03,76618.203125,76618.203125,76618.203125,76618.203125,76618.203125,0
2017-01-04,76143.601563,76143.601563,76143.601563,76143.601563,76143.601563,0
2017-01-05,76386.296875,76386.296875,76386.296875,76386.296875,76386.296875,0
2017-01-06,77106.601563,77106.601563,77106.601563,77106.601563,77106.601563,0
2017-01-09,77394.398438,77394.398438,77394.398438,77394.398438,77394.398438,0
2017-01-10,77393.703125,77393.703125,77393.703125,77393.703125,77393.703125,0
2017-01-11,77666.601563,77666.601563,77666.601563,77666.601563,77666.601563,0
2017-01-12,80891.000000,80891.000000,80891.000000,80891.000000,80891.000000,0
2017-01-13,81524.296875,81524.296875,81524.296875,81524.296875,81524.296875,0
2017-01-16,81711.703125,81711.703125,81711.703125,81711.703125,81711.703125,0
2017-01-17,82362.796875,82362.796875,82362.796875,82362.796875,82362.796875,0
2017-01-18,82779.203125,82779.203125,82779.203125,82779.203125,82779.203125,0
2017-01-19,82300.296875,82300.296875,82300.296875,82300.296875,82300.296875,0
2017-01-20,83067.101563,83067.101563,83067.101563,83067.101563,83067.101563,0
2017-01-23,83047.796875,83047.796875,83047.796875,83047.796875,83047.796875,0
2017-01-24,84207.898438,84207.898438,84207.898438,84207.898438,84207.898438,0
2017-01-25,83128.296875,83128.296875,83128.296875,83128.296875,83128.296875,0
2017-01-26,83826.500000,83826.500000,83826.500000,83826.500000,83826.500000,0
2017-01-27,83827.398438,83827.398438,83827.398438,83827.398438,83827.398438,0
2017-01-30,86237.500000,86237.500000,86237.500000,86237.500000,86237.500000,0
2017-01-31,86295.703125,86295.703125,86295.703125,86295.703125,86295.703125,0
2017-02-01,86848.000000,86848.000000,86848.000000,86848.000000,86848.000000,0
2017-02-02,87394.203125,87394.203125,87394.203125,87394.203125,87394.203125,0
2017-02-03,88389.500000,88389.500000,88389.500000,88389.500000,88389.500000,0
2017-02-06,87357.898438,87357.898438,87357.898438,87357.898438,87357.898438,0
2017-02-07,87476.703125,87476.703125,87476.703125,87476.703125,87476.703125,0
2017-02-08,88249.101563,88249.101563,88249.101563,88249.101563,88249.101563,0
2017-02-09,88830.203125,88830.203125,88830.203125,88830.203125,88830.203125,0
2017-02-10,87473.296875,87473.296875,87473.296875,87473.296875,87473.296875,0
2017-02-13,88578.296875,88578.296875,88578.296875,88578.296875,88578.296875,0
2017-02-14,88082.203125,88082.203125,88082.203125,88082.203125,88082.203125,0
2017-02-15,87882.000000,87882.000000,87882.000000,87882.000000,87882.000000,0
2017-02-16,88186.898438,88186.898438,88186.898438,88186.898438,88186.898438,0
2017-02-17,88830.398438,88830.398438,88830.398438,88830.398438,88830.398438,0
2017-02-20,88587.703125,88587.703125,88587.703125,88587.703125,88587.703125,0
2017-02-21,0,0,0,0,0,0
2017-02-22,88531.296875,88531.296875,88531.296875,88531.296875,88531.296875,0
2017-02-23,89138.398438,89138.398438,89138.398438,89138.398438,89138.398438,0
2017-02-24,88258.500000,88258.500000,88258.500000,88258.500000,88258.500000,0
2017-02-27,87765.398438,87765.398438,87765.398438,87765.398438,87765.398438,0
2017-02-28,87478.296875,87478.296875,87478.296875,87478.296875,87478.296875,0
2017-03-01,89320.203125,89320.203125,89320.203125,89320.203125,89320.203125,0
2017-03-02,89933.898438,89933.898438,89933.898438,89933.898438,89933.898438,0
2017-03-03,89722.000000,89722.000000,89722.000000,89722.000000,89722.000000,0
2017-03-06,91045.000000,91045.000000,91045.000000,91045.000000,91045.000000,0
2017-03-07,90813.601563,90813.601563,90813.601563,90813.601563,90813.601563,0
2017-03-08,89484.898438,89484.898438,89484.898438,89484.898438,89484.898438,0
2017-03-09,89002.601563,89002.601563,89002.601563,89002.601563,89002.601563,0
2017-03-10,0,0,0,0,0,0
2017-03-13,89429.703125,89429.703125,89429.703125,89429.703125,89429.703125,0
2017-03-14,89136.500000,89136.500000,89136.500000,89136.500000,89136.500000,0
2017-03-15,89445.500000,89445.500000,89445.500000,89445.500000,89445.500000,0
2017-03-16,90268.296875,90268.296875,90268.296875,90268.296875,90268.296875,0
2017-03-17,90491.398438,90491.398438,90491.398438,90491.398438,90491.398438,0
2017-03-20,90902.101563,90902.101563,90902.101563,90902.101563,90902.101563,0
2017-03-21,90606.500000,90606.500000,90606.500000,90606.500000,90606.500000,0
2017-03-22,89809.101563,89809.101563,89809.101563,89809.101563,89809.101563,0
2017-03-23,89764.101563,89764.101563,89764.101563,89764.101563,89764.101563,0
2017-03-24,90382.703125,90382.703125,90382.703125,90382.703125,90382.703125,0
2017-03-27,89695.000000,89695.000000,89695.000000,89695.000000,89695.000000,0
2017-03-28,90181.703125,90181.703125,90181.703125,90181.703125,90181.703125,0
2017-03-29,89269.703125,89269.703125,89269.703125,89269.703125,89269.703125,0
2017-03-30,89282.203125,89282.203125,89282.203125,89282.203125,89282.203125,0
2017-03-31,88947.398438,88947.398438,88947.398438,88947.398438,88947.398438,0
2017-04-03,88669.500000,88669.500000,88669.500000,88669.500000,88669.500000,0
2017-04-04,88612.500000,88612.500000,88612.500000,88612.500000,88612.500000,0
2017-04-05,89037.500000,89037.500000,89037.500000,89037.500000,89037.500000,0
2017-04-06,88679.000000,88679.000000,88679.000000,88679.000000,88679.000000,0
2017-04-07,88497.296875,88497.296875,88497.296875,88497.296875,88497.296875,0
2017-04-10,91240.500000,91240.500000,91240.500000,91240.500000,91240.500000,0
2017-04-11,90904.500000,90904.500000,90904.500000,90904.500000,90904.500000,0
2017-04-12,90952.203125,90952.203125,90952.203125,90952.203125,90952.203125,0
2017-04-13,89870.703125,89870.703125,89870.703125,89870.703125,89870.703125,0
2017-04-14,90063.703125,90063.703125,90063.703125,90063.703125,90063.703125,0
2017-04-17,90653.796875,90653.796875,90653.796875,90653.796875,90653.796875,0
2017-04-18,91373.796875,91373.796875,91373.796875,91373.796875,91373.796875,0
2017-04-19,90804.101563,90804.101563,90804.101563,90804.101563,90804.101563,0
2017-04-20,92039.398438,92039.398438,92039.398438,92039.398438,92039.398438,0
2017-04-21,92423.898438,92423.898438,92423.898438,92423.898438,92423.898438,0
2017-04-24,93802.796875,93802.796875,93802.796875,93802.796875,93802.796875,0
2017-04-25,94634.898438,94634.898438,94634.898438,94634.898438,94634.898438,0
2017-04-26,94522.296875,94522.296875,94522.296875,94522.296875,94522.296875,0
2017-04-27,94282.500000,94282.500000,94282.500000,94282.500000,94282.500000,0
2017-04-28,94655.296875,94655.296875,94655.296875,94655.296875,94655.296875,0
2017-05-01,0,0,0,0,0,0
2017-05-02,94355.898438,94355.898438,94355.898438,94355.898438,94355.898438,0
2017-05-03,93862.703125,93862.703125,93862.703125,93862.703125,93862.703125,0
2017-05-04,93038.500000,93038.500000,93038.500000,93038.500000,93038.500000,0
2017-05-05,93928.398438,93928.398438,93928.398438,93928.398438,93928.398438,0
2017-05-08,93832.703125,93832.703125,93832.703125,93832.703125,93832.703125,0
2017-05-09,95323.398438,95323.398438,95323.398438,95323.398438,95323.398438,0
2017-05-10,96194.203125,96194.203125,96194.203125,96194.203125,96194.203125,0
2017-05-11,95114.101563,95114.101563,95114.101563,95114.101563,95114.101563,0
2017-05-12,94996.398438,94996.398438,94996.398438,94996.398438,94996.398438,0
2017-05-15,95587.796875,95587.796875,95587.796875,95587.796875,95587.796875,0
2017-05-16,96161.500000,96161.500000,96161.500000,96161.500000,96161.500000,0
2017-05-17,95725.000000,95725.000000,95725.000000,95725.000000,95725.000000,0
2017-05-18,95147.296875,95147.296875,95147.296875,95147.296875,95147.296875,0
2017-05-19,0,0,0,0,0,0
2017-05-22,96400.000000,96400.000000,96400.000000,96400.000000,96400.000000,0
2017-05-23,97717.500000,97717.500000,97717.500000,97717.500000,97717.500000,0
2017-05-24,98313.796875,98313.796875,98313.796875,98313.796875,98313.796875,0
2017-05-25,97712.898438,97712.898438,97712.898438,97712.898438,97712.898438,0
2017-05-26,97533.296875,97533.296875,97533.296875,97533.296875,97533.296875,0
2017-05-29,97726.000000,97726.000000,97726.000000,97726.000000,97726.000000,0
2017-05-30,97347.601563,97347.601563,97347.601563,97347.601563,97347.601563,0
2017-05-31,97541.601563,97541.601563,97541.601563,97541.601563,97541.601563,0
2017-06-01,97365.796875,97365.796875,97365.796875,97365.796875,97365.796875,0
2017-06-02,98867.898438,98867.898438,98867.898438,98867.898438,98867.898438,0
2017-06-05,98192.000000,98192.000000,98192.000000,98192.000000,98192.000000,0
2017-06-06,98331.500000,98331.500000,98331.500000,98331.500000,98331.500000,0
2017-06-07,97616.500000,97616.500000,97616.500000,97616.500000,97616.500000,0
2017-06-08,97977.500000,97977.500000,97977.500000,97977.500000,97977.500000,0
2017-06-09,98942.898438,98942.898438,98942.898438,98942.898438,98942.898438,0
2017-06-12,99442.101563,99442.101563,99442.101563,99442.101563,99442.101563,0
2017-06-13,99299.703125,99299.703125,99299.703125,99299.703125,99299.703125,0
2017-06-14,99636.296875,99636.296875,99636.296875,99636.296875,99636.296875,0
2017-06-15,98737.000000,98737.000000,98737.000000,98737.000000,98737.000000,0
2017-06-16,98192.500000,98192.500000,98192.500000,98192.500000,98192.500000,0
2017-06-19,99332.101563,99332.101563,99332.101563,99332.101563,99332.101563,0
2017-06-20,99269.296875,99269.296875,99269.296875,99269.296875,99269.296875,0
2017-06-21,99390.101563,99390.101563,99390.101563,99390.101563,99390.101563,0
2017-06-22,100072.000000,100072.000000,100072.000000,100072.000000,100072.000000,0
2017-06-23,99638.601563,99638.601563,99638.601563,99638.601563,99638.601563,0
2017-06-26,0,0,0,0,0,0
2017-06-27,0,0,0,0,0,0
2017-06-28,100618.000000,100618.000000,100618.000000,100618.000000,100618.000000,0
2017-06-29,100190.000000,100190.000000,100190.000000,100190.000000,100190.000000,0
2017-06-30,100440.000000,100440.000000,100440.000000,100440.000000,100440.000000,0
2017-07-03,100522.000000,100522.000000,100522.000000,100522.000000,100522.000000,0
2017-07-04,101208.000000,101208.000000,101208.000000,101208.000000,101208.000000,0
2017-07-05,100744.000000,100744.000000,100744.000000,100744.000000,100744.000000,0
2017-07-06,100627.000000,100627.000000,100627.000000,100627.000000,100627.000000,0
2017-07-07,100084.000000,100084.000000,100084.000000,100084.000000,100084.000000,0
2017-07-10,101097.000000,101097.000000,101097.000000,101097.000000,101097.000000,0
2017-07-11,103183.000000,103183.000000,103183.000000,103183.000000,103183.000000,0
2017-07-12,103810.000000,103810.000000,103810.000000,103810.000000,103810.000000,0
2017-07-13,104210.000000,104210.000000,104210.000000,104210.000000,104210.000000,0
2017-07-14,105176.000000,105176.000000,105176.000000,105176.000000,105176.000000,0
2017-07-17,106217.000000,106217.000000,106217.000000,106217.000000,106217.000000,0
2017-07-18,105718.000000,105718.000000,105718.000000,105718.000000,105718.000000,0
2017-07-19,107418.000000,107418.000000,107418.000000,107418.000000,107418.000000,0
2017-07-20,106736.000000,106736.000000,106736.000000,106736.000000,106736.000000,0
2017-07-21,106843.000000,106843.000000,106843.000000,106843.000000,106843.000000,0
2017-07-24,106711.000000,106711.000000,106711.000000,106711.000000,106711.000000,0
2017-07-25,107041.000000,107041.000000,107041.000000,107041.000000,107041.000000,0
2017-07-26,107206.000000,107206.000000,107206.000000,107206.000000,107206.000000,0
2017-07-27,108392.000000,108392.000000,108392.000000,108392.000000,108392.000000,0
2017-07-28,107700.000000,107700.000000,107700.000000,107700.000000,107700.000000,0
2017-07-31,107531.000000,107531.000000,107531.000000,107531.000000,107531.000000,0
2017-08-01,106147.000000,106147.000000,106147.000000,106147.000000,106147.000000,0
2017-08-02,106525.000000,106525.000000,106525.000000,106525.000000,106525.000000,0
2017-08-03,107154.000000,107154.000000,107154.000000,107154.000000,107154.000000,0
2017-08-04,108545.000000,108545.000000,108545.000000,108545.000000,108545.000000,0
2017-08-07,109781.000000,109781.000000,109781.000000,109781.000000,109781.000000,0
2017-08-08,109639.000000,109639.000000,109639.000000,109639.000000,109639.000000,0
2017-08-09,108715.000000,108715.000000,108715.000000,108715.000000,108715.000000,0
2017-08-10,107800.000000,107800.000000,107800.000000,107800.000000,107800.000000,0
2017-08-11,106963.000000,106963.000000,106963.000000,106963.000000,106963.000000,0
2017-08-14,109537.000000,109537.000000,109537.000000,109537.000000,109537.000000,0
2017-08-15,106913.000000,106913.000000,106913.000000,106913.000000,106913.000000,0
2017-08-16,106862.000000,106862.000000,106862.000000,106862.000000,106862.000000,0
2017-08-17,106825.000000,106825.000000,106825.000000,106825.000000,106825.000000,0
2017-08-18,107202.000000,107202.000000,107202.000000,107202.000000,107202.000000,0
2017-08-21,108615.000000,108615.000000,108615.000000,108615.000000,108615.000000,0
2017-08-22,108594.000000,108594.000000,108594.000000,108594.000000,108594.000000,0
2017-08-23,108953.000000,108953.000000,108953.000000,108953.000000,108953.000000,0
2017-08-24,109154.000000,109154.000000,109154.000000,109154.000000,109154.000000,0
2017-08-25,109755.000000,109755.000000,109755.000000,109755.000000,109755.000000,0
2017-08-28,110340.000000,110340.000000,110340.000000,110340.000000,110340.000000,0
2017-08-29,110423.000000,110423.000000,110423.000000,110423.000000,110423.000000,0
2017-08-30,0,0,0,0,0,0
2017-08-31,110010.000000,110010.000000,110010.000000,110010.000000,110010.000000,0
2017-09-01,0,0,0,0,0,0
2017-09-04,0,0,0,0,0,0
2017-09-05,108873.000000,108873.000000,108873.000000,108873.000000,108873.000000,0
2017-09-06,109612.000000,109612.000000,109612.000000,109612.000000,109612.000000,0
2017-09-07,109743.000000,109743.000000,109743.000000,109743.000000,109743.000000,0
2017-09-08,108452.000000,108452.000000,108452.000000,108452.000000,108452.000000,0
2017-09-11,109458.000000,109458.000000,109458.000000,109458.000000,109458.000000,0
2017-09-12,109130.000000,109130.000000,109130.000000,109130.000000,109130.000000,0
2017-09-13,108156.000000,108156.000000,108156.000000,108156.000000,108156.000000,0
2017-09-14,108244.000000,108244.000000,108244.000000,108244.000000,108244.000000,0
2017-09-15,107742.000000,107742.000000,107742.000000,107742.000000,107742.000000,0
2017-09-18,106535.000000,106535.000000,106535.000000,106535.000000,106535.000000,0
2017-09-19,104918.000000,104918.000000,104918.000000,104918.000000,104918.000000,0
2017-09-20,105324.000000,105324.000000,105324.000000,105324.000000,105324.000000,0
2017-09-21,104001.000000,104001.000000,104001.000000,104001.000000,104001.000000,0
2017-09-22,104123.000000,104123.000000,104123.000000,104123.000000,104123.000000,0
2017-09-25,102270.000000,102270.000000,102270.000000,102270.000000,102270.000000,0
2017-09-26,103929.000000,103929.000000,103929.000000,103929.000000,103929.000000,0
2017-09-27,101218.000000,101218.000000,101218.000000,101218.000000,101218.000000,0
2017-09-28,102651.000000,102651.000000,102651.000000,102651.000000,102651.000000,0
2017-09-29,102908.000000,102908.000000,102908.000000,102908.000000,102908.000000,0
2017-10-02,103931.000000,103931.000000,103931.000000,103931.000000,103931.000000,0
2017-10-03,103908.000000,103908.000000,103908.000000,103908.000000,103908.000000,0
2017-10-04,104548.000000,104548.000000,104548.000000,104548.000000,104548.000000,0
2017-10-05,104334.000000,104334.000000,104334.000000,104334.000000,104334.000000,0
2017-10-06,104137.000000,104137.000000,104137.000000,104137.000000,104137.000000,0
2017-10-09,101298.000000,101298.000000,101298.000000,101298.000000,101298.000000,0
2017-10-10,103394.000000,103394.000000,103394.000000,103394.000000,103394.000000,0
2017-10-11,103816.000000,103816.000000,103816.000000,103816.000000,103816.000000,0
2017-10-12,105932.000000,105932.000000,105932.000000,105932.000000,105932.000000,0
2017-10-13,106226.000000,106226.000000,106226.000000,106226.000000,106226.000000,0
2017-10-16,106474.000000,106474.000000,106474.000000,106474.000000,106474.000000,0
2017-10-17,106991.000000,106991.000000,106991.000000,106991.000000,106991.000000,0
2017-10-18,106926.000000,106926.000000,106926.000000,106926.000000,106926.000000,0
2017-10-19,108434.000000,108434.000000,108434.000000,108434.000000,108434.000000,0
2017-10-20,108489.000000,108489.000000,108489.000000,108489.000000,108489.000000,0
2017-10-23,107303.000000,107303.000000,107303.000000,107303.000000,107303.000000,0
2017-10-24,107206.000000,107206.000000,107206.000000,107206.000000,107206.000000,0
2017-10-25,108355.000000,108355.000000,108355.000000,108355.000000,108355.000000,0
2017-10-26,107335.000000,107335.000000,107335.000000,107335.000000,107335.000000,0
2017-10-27,107884.000000,107884.000000,107884.000000,107884.000000,107884.000000,0
2017-10-30,108467.000000,108467.000000,108467.000000,108467.000000,108467.000000,0
2017-10-31,110143.000000,110143.000000,110143.000000,110143.000000,110143.000000,0
2017-11-01,113024.000000,113024.000000,113024.000000,113024.000000,113024.000000,0
2017-11-02,112995.000000,112995.000000,112995.000000,112995.000000,112995.000000,0
2017-11-03,111293.000000,111293.000000,111293.000000,111293.000000,111293.000000,0
2017-11-06,114166.000000,114166.000000,114166.000000,114166.000000,114166.000000,0
2017-11-07,112272.000000,112272.000000,112272.000000,112272.000000,112272.000000,0
2017-11-08,111895.000000,111895.000000,111895.000000,111895.000000,111895.000000,0
2017-11-09,110246.000000,110246.000000,110246.000000,110246.000000,110246.000000,0
2017-11-10,108949.000000,108949.000000,108949.000000,108949.000000,108949.000000,0
2017-11-13,108860.000000,108860.000000,108860.000000,108860.000000,108860.000000,0
2017-11-14,110148.000000,110148.000000,110148.000000,110148.000000,110148.000000,0
2017-11-15,107717.000000,107717.000000,107717.000000,107717.000000,107717.000000,0
2017-11-16,106977.000000,106977.000000,106977.000000,106977.000000,106977.000000,0
2017-11-17,106239.000000,106239.000000,106239.000000,106239.000000,106239.000000,0
2017-11-20,103912.000000,103912.000000,103912.000000,103912.000000,103912.000000,0
2017-11-21,105268.000000,105268.000000,105268.000000,105268.000000,105268.000000,0
2017-11-22,105964.000000,105964.000000,105964.000000,105964.000000,105964.000000,0
2017-11-23,105026.000000,105026.000000,105026.000000,105026.000000,105026.000000,0
2017-11-24,104539.000000,104539.000000,104539.000000,104539.000000,104539.000000,0
2017-11-27,104760.000000,104760.000000,104760.000000,104760.000000,104760.000000,0
2017-11-28,102068.000000,102068.000000,102068.000000,102068.000000,102068.000000,0
2017-11-29,102342.000000,102342.000000,102342.000000,102342.000000,102342.000000,0
2017-11-30,103984.000000,103984.000000,103984.000000,103984.000000,103984.000000,0
2017-12-01,103559.000000,103559.000000,103559.000000,103559.000000,103559.000000,0
2017-12-04,105215.000000,105215.000000,105215.000000,105215.000000,105215.000000,0
2017-12-05,106260.000000,106260.000000,106260.000000,106260.000000,106260.000000,0
2017-12-06,105304.000000,105304.000000,105304.000000,105304.000000,105304.000000,0
2017-12-07,106448.000000,106448.000000,106448.000000,106448.000000,106448.000000,0
2017-12-08,107921.000000,107921.000000,107921.000000,107921.000000,107921.000000,0
2017-12-11,109156.000000,109156.000000,109156.000000,109156.000000,109156.000000,0
2017-12-12,109050.000000,109050.000000,109050.000000,109050.000000,109050.000000,0
2017-12-13,108153.000000,108153.000000,108153.000000,108153.000000,108153.000000,0
2017-12-14,109666.000000,109666.000000,109666.000000,109666.000000,109666.000000,0
2017-12-15,109330.000000,109330.000000,109330.000000,109330.000000,109330.000000,0
2017-12-18,110248.000000,110248.000000,110248.000000,110248.000000,110248.000000,0
2017-12-19,110177.000000,110177.000000,110177.000000,110177.000000,110177.000000,0
2017-12-20,110455.000000,110455.000000,110455.000000,110455.000000,110455.000000,0
2017-12-21,111272.000000,111272.000000,111272.000000,111272.000000,111272.000000,0
2017-12-22,111099.000000,111099.000000,111099.000000,111099.000000,111099.000000,0
2017-12-25,111765.000000,111765.000000,111765.000000,111765.000000,111765.000000,0
2017-12-26,112007.000000,112007.000000,112007.000000,112007.000000,112007.000000,0
2017-12-27,112150.000000,112150.000000,112150.000000,112150.000000,112150.000000,0
2017-12-28,114480.000000,114480.000000,114480.000000,114480.000000,114480.000000,0
2017-12-29,115333.000000,115333.000000,115333.000000,115333.000000,115333.000000,0
2018-01-01,0,0,0,0,0,0
2018-01-02,117524.000000,117524.000000,117524.000000,117524.000000,117524.000000,0
2018-01-03,116052.000000,116052.000000,116052.000000,116052.000000,116052.000000,0
2018-01-04,115491.000000,115491.000000,115491.000000,115491.000000,115491.000000,0
2018-01-05,116638.000000,116638.000000,116638.000000,116638.000000,116638.000000,0
2018-01-08,116638.000000,116638.000000,116638.000000,116638.000000,116638.000000,0
2018-01-09,115023.000000,115023.000000,115023.000000,115023.000000,115023.000000,0
2018-01-10,113589.000000,113589.000000,113589.000000,113589.000000,113589.000000,0
2018-01-11,114719.000000,114719.000000,114719.000000,114719.000000,114719.000000,0
2018-01-12,114645.000000,114645.000000,114645.000000,114645.000000,114645.000000,0
2018-01-15,112159.000000,112159.000000,112159.000000,112159.000000,112159.000000,0
2018-01-16,114418.000000,114418.000000,114418.000000,114418.000000,114418.000000,0
2018-01-17,116593.000000,116593.000000,116593.000000,116593.000000,116593.000000,0
2018-01-18,116856.000000,116856.000000,116856.000000,116856.000000,116856.000000,0
2018-01-19,115147.000000,115147.000000,115147.000000,115147.000000,115147.000000,0
2018-01-22,117235.000000,117235.000000,117235.000000,117235.000000,117235.000000,0
2018-01-23,118400.000000,118400.000000,118400.000000,118400.000000,118400.000000,0
2018-01-24,119648.000000,119648.000000,119648.000000,119648.000000,119648.000000,0
2018-01-25,118604.000000,118604.000000,118604.000000,118604.000000,118604.000000,0
2018-01-26,120702.000000,120702.000000,120702.000000,120702.000000,120702.000000,0
2018-01-29,120845.000000,120845.000000,120845.000000,120845.000000,120845.000000,0
2018-01-30,119303.000000,119303.000000,119303.000000,119303.000000,119303.000000,0
2018-01-31,119529.000000,119529.000000,119529.000000,119529.000000,119529.000000,0
2018-02-01,119044.000000,119044.000000,119044.000000,119044.000000,119044.000000,0
2018-02-02,118119.000000,118119.000000,118119.000000,118119.000000,118119.000000,0
2018-02-05,116853.000000,116853.000000,116853.000000,116853.000000,116853.000000,0
2018-02-06,115457.000000,115457.000000,115457.000000,115457.000000,115457.000000,0
2018-02-07,115570.000000,115570.000000,115570.000000,115570.000000,115570.000000,0
2018-02-08,114264.000000,114264.000000,114264.000000,114264.000000,114264.000000,0
2018-02-09,113590.000000,113590.000000,113590.000000,113590.000000,113590.000000,0
